-- 插入数据域表 dm_data_domain
INSERT INTO `qdata`.`dm_data_domain`
(`id`,`name`,`eng_name`,`owner_user_id`,`description`,`valid_flag`,`del_flag`,`create_by`,`creator_id`,`create_time`,`update_by`,`updater_id`,`update_time`,`remark`)
VALUES
(1,'水文监测数据域','HYD',2,'水位、流量、流速、含沙量等实时水文要素监测数据','1','0','吴同',2,'2026-03-27 10:09:54.001','吴同',2,'2026-03-27 10:09:33.655',null),
(2,'气象降雨数据域','MET',2,'降雨量、蒸发量、气温、湿度等气象观测数据','1','0','吴同',2,'2026-03-27 10:09:54.002','吴同',2,'2026-03-27 10:09:54.489',null),
(3,'水文监测数据域','HYD',2,'水位、流量、流速、含沙量等实时水文要素监测数据','1','0','吴同',2,'2026-03-27 10:09:54.003','吴同',2,'2026-03-27 10:13:28.342',null),
(4,'气象降雨数据域','MET',2,'降雨量、蒸发量、气温、湿度等气象观测数据','1','0','吴同',2,'2026-03-27 10:09:54.004','吴同',2,'2026-03-27 10:13:28.342',null),
(5,'水库工程数据域','RES',2,'水库基本信息、特征水位、库容曲线、大坝安全监测','1','0','吴同',2,'2026-03-27 10:09:54.005','吴同',2,'2026-03-27 10:13:28.342',null),
(6,'河道堤防数据域','RIV',2,'河道断面、堤防高程、险工险段、护岸工程信息','1','0','吴同',2,'2026-03-27 10:09:54.006','吴同',2,'2026-03-27 10:13:28.342',null),
(7,'灌区管理数据域','IRR',2,'灌区范围、灌溉面积、渠系分布、用水计划与计量','1','0','吴同',2,'2026-03-27 10:09:54.007','吴同',2,'2026-03-27 10:13:28.342',null),
(8,'水资源管理数据域','WRM',2,'取水许可、水资源费征收、水量分配、节水管理','1','0','吴同',2,'2026-03-27 10:09:54.008','吴同',2,'2026-03-27 10:13:28.342',null),
(9,'水质监测数据域','WQM',2,'水源地、河湖断面水质监测数据，COD、氨氮等指标','1','0','吴同',2,'2026-03-27 10:09:54.009','吴同',2,'2026-03-27 10:13:28.342',null),
(10,'水土保持数据域','SWC',2,'小流域治理、淤地坝、坡耕地、水土流失监测','1','0','吴同',2,'2026-03-27 10:09:54.010','吴同',2,'2026-03-27 10:13:28.342',null),
(11,'农村供水数据域','RWS',2,'农村饮水安全工程、水厂运行、供水管网、水质达标','1','0','吴同',2,'2026-03-27 10:09:54.011','吴同',2,'2026-03-27 10:13:28.342',null),
(12,'防汛抗旱数据域','FCD',2,'汛情预警、险情灾情、物资储备、应急响应调度','1','0','吴同',2,'2026-03-27 10:09:54.012','吴同',2,'2026-03-27 10:13:28.342',null),
(13,'水利工程数据域','ENG',2,'水利基建项目、除险加固、运行维护、安全鉴定','1','0','吴同',2,'2026-03-27 10:09:54.013','吴同',2,'2026-03-27 10:13:28.342',null);

-- 插入数据分层表 dm_data_layer
INSERT INTO `qdata`.`dm_data_layer`
(`id`,`name`,`eng_name`,`owner_user_id`,`category`,`description`,`valid_flag`,`del_flag`,`create_by`,`creator_id`,`create_time`,`update_by`,`updater_id`,`update_time`,`remark`)
VALUES
(1,'操作数据层','ODS',1,'1','也叫贴源层,本层直接存放从业务系统抽取过来的数据,这些数据从结构上和数据上与业务系统保持一致,降低了数据抽取的复杂性。','1','0','吴同',2,'2026-03-25 09:46:09.722','吴同',2,'2026-03-25 09:46:09.722',null),
(2,'维度层','DIM',1,'2','以维度作为建模驱动，基于每个维度的业务含义，通过添加维度属性、关联维度等定义计算逻辑，完成属性定义的过程并建立一致的数据分析维表。为了避免在维度模型中冗余关联维度的属性，基于雪花模型构建维度表。','1','0','吴同',2,'2026-03-25 10:14:31.637','吴同',2,'2026-03-25 10:14:31.637',null),
(3,'明细数据层','DWD',1,'2','以业务过程作为建模驱动，基于每个具体的业务过程特点，构建最细粒度的明细事实表。可将某些重要属性字段做适当冗余，也即宽表化处理。','1','0','吴同',2,'2026-03-25 10:15:06.151','吴同',2,'2026-03-25 10:15:06.151',null),
(4,'汇总数据层','DWS',1,'2','以分析的主题对象作为建模驱动，基于上层的应用和产品的指标需求，构建公共粒度的汇总指标表。以宽表化手段物理化模型，构建命名规范、口径一致的统计指标，为上层提供公共指标，建立汇总宽表、明细事实表。','1','0','吴同',2,'2026-03-25 10:15:29.193','吴同',2,'2026-03-25 10:15:29.193',null),
(5,'数据应用层','ADS',1,'3','存放数据产品个性化的统计指标数据，报表数据。主要是提供给数据产品和数据分析使用的数据，通常根据业务需求，划分成流量、订单、用户等，生成字段比较多的宽表，用于提供后续的业务查询，OLAP分析，数据分发等。','1','0','吴同',2,'2026-03-25 10:15:52.556','吴同',2,'2026-03-25 10:15:52.556',null);

-- 插入分层规范表 dm_data_layer_specification
INSERT INTO `qdata`.`dm_data_layer_specification`
(`id`,`data_layer_id`,`prefix_name`,`business_eng_name`,`owner_user_id`,`status`,`description`,`valid_flag`,`del_flag`,`create_by`,`creator_id`,`create_time`,`update_by`,`updater_id`,`update_time`,`remark`,`序号`)
VALUES
(1,1,'ODS_HYD_ST','HYD',1,'1','水文监测原始数据贴源接入，包含水位、流量、雨量等实时报汛数据','1','0','吴同',2,'2026-03-27 11:06:46.730','吴同',2,'2026-03-27 11:06:46.730',null,1),
(2,1,'ODS_MET_ST','MET',1,'1','气象降雨原始数据，对接气象局降雨预报及实况观测数据','1','0','吴同',2,'2026-03-27 11:06:46.730','吴同',2,'2026-03-27 11:06:46.730',null,2),
(3,1,'ODS_ENG_ST','ENG',1,'1','水利工程基础信息贴源数据，包含水库、堤防、闸泵等工程档案','1','0','吴同',2,'2026-03-27 11:06:46.730','吴同',2,'2026-03-27 11:06:46.730',null,3),
(4,1,'ODS_WRM_ST','WRM',1,'1','水资源管理原始数据，取水许可、用水统计等业务系统贴源','1','0','吴同',2,'2026-03-27 11:06:46.730','吴同',2,'2026-03-27 11:06:46.730',null,4),
(5,1,'ODS_FCD_ST','FCD',1,'0','防汛抗旱原始数据，汛情、险情、灾情及应急响应记录','1','0','吴同',2,'2026-03-27 11:06:46.000','吴同',2,'2026-03-27 11:09:00.863',null,5),
(6,2,'DIM_HYD_STATION','HYD',1,'1','水文站点维度表，包含测站编码、位置、测站类型、监测要素等属性','1','0','吴同',2,'2026-03-27 11:06:46.730','吴同',2,'2026-03-27 11:06:46.730',null,6),
(7,2,'DIM_ENG_PROJECT','ENG',1,'1','水利工程项目维度表，工程编码、名称、类型、规模、建设时间等','1','0','吴同',2,'2026-03-27 11:06:46.731','吴同',2,'2026-03-27 11:06:46.731',null,7),
(8,2,'DIM_WRM_REGION','WRM',1,'1','水资源管理区划维度表，流域、水系、行政区、水资源分区','1','0','吴同',2,'2026-03-27 11:06:46.731','吴同',2,'2026-03-27 11:06:46.731',null,8),
(9,2,'DIM_WQM_INDEX','WQM',1,'1','水质监测指标维度表，指标编码、名称、单位、标准限值、评价方法','1','0','吴同',2,'2026-03-27 11:06:46.731','吴同',2,'2026-03-27 11:06:46.731',null,9),
(10,2,'DIM_FCD_EVENT','FCD',1,'1','防汛事件类型维度表，险情类别、灾情等级、应急响应级别定义','1','0','吴同',2,'2026-03-27 11:06:46.731','吴同',2,'2026-03-27 11:06:46.731',null,10),
(11,3,'DWD_HYD_REALTIME','HYD',1,'1','实时水情监测明细数据，按时间序列存储水位流量过程数据','1','0','吴同',2,'2026-03-27 11:06:46.731','吴同',2,'2026-03-27 11:06:46.731',null,11),
(12,3,'DWD_MET_RAINFALL','MET',1,'1','降雨监测明细数据，时段降雨量、降雨强度、面雨量计算结果','1','0','吴同',2,'2026-03-27 11:06:46.731','吴同',2,'2026-03-27 11:06:46.731',null,12),
(13,3,'DWD_ENG_MONITOR','ENG',1,'1','工程安全监测明细，大坝渗流、变形、应力应变及视频监控AI识别','1','0','吴同',2,'2026-03-27 11:06:46.731','吴同',2,'2026-03-27 11:06:46.731',null,13),
(14,3,'DWD_WRM_WITHDRAW','WRM',1,'1','取水许可执行明细，取水户、取水工程、许可水量、实时计量数据','1','0','吴同',2,'2026-03-27 11:06:46.731','吴同',2,'2026-03-27 11:06:46.731',null,14),
(15,3,'DWD_FCD_DISASTER','FCD',1,'1','洪涝灾害事件明细，受灾人口、受灾面积、经济损失、抢险投入','1','0','吴同',2,'2026-03-27 11:06:46.731','吴同',2,'2026-03-27 11:06:46.731',null,15),
(16,4,'DWS_HYD_DAILY','HYD',1,'1','水情日汇总数据，日最高水位、日最大流量、日均流量统计','1','0','吴同',2,'2026-03-27 11:06:46.731','吴同',2,'2026-03-27 11:06:46.731',null,16),
(17,4,'DWS_MET_RAIN_STAT','MET',1,'1','降雨统计汇总，日降雨、旬降雨、月降雨、年降雨及历史排位','1','0','吴同',2,'2026-03-27 11:06:46.731','吴同',2,'2026-03-27 11:06:46.731',null,17),
(18,4,'DWS_ENG_SAFETY','ENG',1,'1','工程安全评价汇总，病险水库数量、除险加固进度、安全鉴定结果','1','0','吴同',2,'2026-03-27 11:06:46.731','吴同',2,'2026-03-27 11:06:46.731',null,18),
(19,4,'DWS_WRM_EFFICIENCY','WRM',1,'1','水资源利用效率汇总，万元GDP用水量、灌溉水有效利用系数','1','0','吴同',2,'2026-03-27 11:06:46.731','吴同',2,'2026-03-27 11:06:46.731',null,19),
(20,4,'DWS_FCD_DEFENSE','FCD',1,'1','防汛减灾成效汇总，洪水预报准确率、灾害损失率、人员转移数量','1','0','吴同',2,'2026-03-27 11:06:46.731','吴同',2,'2026-03-27 11:06:46.731',null,20),
(21,5,'ADS_HYD_FORECAST','HYD',1,'1','洪水预报应用数据，预报方案、模型参数、预报结果、精度评定','1','0','吴同',2,'2026-03-27 11:06:46.731','吴同',2,'2026-03-27 11:06:46.731',null,21),
(22,5,'ADS_ENG_DISPATCH','ENG',1,'1','工程调度应用数据，水库群联合调度方案、防洪兴利优化计算','1','0','吴同',2,'2026-03-27 11:06:46.731','吴同',2,'2026-03-27 11:06:46.731',null,22),
(23,5,'ADS_WRM_BALANCE','WRM',1,'1','水资源配置应用，水量平衡分析、供需预测、配置方案模拟','1','0','吴同',2,'2026-03-27 11:06:46.731','吴同',2,'2026-03-27 11:06:46.731',null,23),
(24,5,'ADS_WQM_ASSESS','WQM',1,'1','水质评价应用数据，水功能区达标评价、水源地安全评估报告','1','0','吴同',2,'2026-03-27 11:06:46.731','吴同',2,'2026-03-27 11:06:46.731',null,24),
(25,5,'ADS_FCD_COMMAND','FCD',1,'1','防汛指挥应用数据，实时汛情一张图、调度指令、应急响应联动','1','0','吴同',2,'2026-03-27 11:06:46.731','吴同',2,'2026-03-27 11:06:46.731',null,25);

-- 插入主题域表 dm_theme_domain
INSERT INTO `qdata`.`dm_theme_domain`
(`id`,`code`,`name`,`eng_name`,`parent_id`,`owner_user_id`,`data_layer_id`,`description`,`valid_flag`,`del_flag`,`create_by`,`creator_id`,`create_time`,`update_by`,`updater_id`,`update_time`,`remark`)
VALUES
(1,'A01','水文气象域','HYD_MET',0,2,1,'水文监测与气象降雨基础数据加工','0','0','吴同',2,'2026-03-27 10:51:05.434','吴同',2,'2026-03-27 11:08:26.057',null),
(2,'A02','水利工程域','ENG_ODL',0,2,1,'水库堤防闸泵工程数据标准化','1','0','吴同',2,'2026-03-27 10:51:05.434','吴同',2,'2026-03-27 10:51:05.434',null),
(3,'A03','水资源域','WRM_ODL',0,2,1,'取水用水节水业务数据整合','1','0','吴同',2,'2026-03-27 10:51:05.435','吴同',2,'2026-03-27 10:51:05.435',null),
(4,'A04','水环境域','WQM_DIM',0,2,2,'水质监测站点与指标维度定义','1','0','吴同',2,'2026-03-27 10:51:05.435','吴同',2,'2026-03-27 10:51:05.435',null),
(5,'A05','防汛减灾域','FCD_DWD',0,2,3,'汛情险情灾情事件明细数据','1','0','吴同',2,'2026-03-27 10:51:05.435','吴同',2,'2026-03-27 10:51:05.435',null),
(6,'A01A01','实时雨情监测','RAI_ODL',1,2,1,'降雨量、降雨强度、面雨量计算数据','0','0','吴同',2,'2026-03-27 10:51:05.435','吴同',2,'2026-03-27 10:51:05.435',null),
(7,'A01A02','实时水情监测','HYD_ODL',1,2,1,'水位、流量、流速、含沙量监测数据','0','0','吴同',2,'2026-03-27 10:51:05.435','吴同',2,'2026-03-27 10:51:05.435',null),
(8,'A01A03','洪水预报输入','FFC_INP',1,2,3,'预报模型输入数据，包括降雨预报、边界条件、初始场','0','0','吴同',2,'2026-03-27 10:51:05.435','吴同',2,'2026-03-27 10:51:05.435',null),
(9,'A02A01','水库大坝安全','RES_DWD',2,2,3,'水库水位、渗流、变形、应力应变监测明细','1','0','吴同',2,'2026-03-27 10:51:05.435','吴同',2,'2026-03-27 10:51:05.435',null),
(10,'A02A02','堤防闸泵工程','DYK_DWD',2,2,3,'堤防断面、险工险段、穿堤建筑物、泵站运行数据','1','0','吴同',2,'2026-03-27 10:51:05.435','吴同',2,'2026-03-27 10:51:05.435',null),
(11,'A02A03','工程安全鉴定','SAF_DWS',2,2,4,'大坝安全鉴定、堤防安全评价、闸泵站安全认定汇总','1','0','吴同',2,'2026-03-27 10:51:05.435','吴同',2,'2026-03-27 10:51:05.435',null),
(12,'A03A01','取水许可管理','WLP_DWD',3,2,3,'取水许可证、取水工程、取水计量、取水计划明细','1','0','吴同',2,'2026-03-27 10:51:05.435','吴同',2,'2026-03-27 10:51:05.435',null),
(13,'A03A02','用水统计核算','WUS_DWS',3,2,4,'工业农业生活生态用水量、用水效率、节水指标汇总','1','0','吴同',2,'2026-03-27 10:51:05.435','吴同',2,'2026-03-27 10:51:05.435',null),
(14,'A03A03','水权交易流转','WRT_APP',3,2,5,'水权确权登记、交易撮合、交易结算、监管预警','1','0','吴同',2,'2026-03-27 10:51:05.435','吴同',2,'2026-03-27 10:51:05.435',null),
(15,'A04A01','水源地水质','WSW_DWS',4,2,4,'饮用水水源地水质达标率、富营养化指数汇总','1','0','吴同',2,'2026-03-27 10:51:05.435','吴同',2,'2026-03-27 10:51:05.435',null),
(16,'A04A02','河湖断面监测','SEC_DWD',4,2,3,'国考省考断面水质监测数据，COD、氨氮、总磷等指标','1','0','吴同',2,'2026-03-27 10:51:05.435','吴同',2,'2026-03-27 10:51:05.435',null),
(17,'A04A03','水生态评估','WEA_APP',4,2,5,'河湖生态流量、水生态健康评价、生物多样性指数','1','0','吴同',2,'2026-03-27 10:51:05.435','吴同',2,'2026-03-27 10:51:05.435',null),
(18,'A05A01','洪水预报调度','FFC_APP',5,2,5,'洪水预报结果、调度方案、风险预警应用数据','1','0','吴同',2,'2026-03-27 10:51:05.435','吴同',2,'2026-03-27 10:51:05.435',null),
(19,'A05A02','险情灾情管理','DIS_DWD',5,2,3,'险情上报、灾情统计、物资调配、抢险队伍调度','1','0','吴同',2,'2026-03-27 10:51:05.435','吴同',2,'2026-03-27 10:51:05.435',null),
(20,'A05A03','山洪灾害预警','MFL_APP',5,2,5,'山洪危险区、预警指标、实时预警、人员转移','1','0','吴同',2,'2026-03-27 10:51:05.435','吴同',2,'2026-03-27 10:51:05.435',null);

-- 插入字典类型表
INSERT INTO `qdata`.`system_dict_type`
(`dict_id`,`dict_name`,`dict_type`,`status`,`create_by`,`create_time`,`update_by`,`update_time`,`remark`)
VALUES
(109,'数仓分层-规范管理状态','dm_data_layer_specification_status','0',NULL,NULL,NULL,NULL,NULL),
(108,'数仓-分类','dm_data_layer_category','0',NULL,NULL,NULL,NULL,NULL);

-- 插入字典数据表
INSERT INTO `qdata`.`system_dict_data`
(`dict_code`,`dict_sort`,`dict_label`,`dict_value`,`dict_type`,`css_class`,`list_class`,`is_default`,`status`,`create_by`,`create_time`,`update_by`,`update_time`,`remark`)
VALUES
(418,0,'开启','1','dm_data_layer_specification_status',NULL,NULL,'N','0',NULL,NULL,NULL,NULL,NULL),
(417,0,'关闭','0','dm_data_layer_specification_status',NULL,NULL,'N','0',NULL,NULL,NULL,NULL,NULL),
(416,3,'应用层','3','dm_data_layer_category',NULL,NULL,'N','0',NULL,NULL,'admin','2026-03-26 11:04:41',NULL),
(415,2,'公共层','2','dm_data_layer_category',NULL,NULL,'N','0',NULL,NULL,'admin','2026-03-26 11:04:38',NULL),
(414,1,'贴源层','1','dm_data_layer_category',NULL,NULL,'N','0',NULL,NULL,'admin','2026-03-26 11:04:38',NULL);


-- 删除 数据标准
DELETE FROM `qdata`.`system_menu` WHERE `menu_id`=2306;

-- 修改菜单
UPDATE `qdata`.`system_menu`
SET `menu_name`='团体标准', `parent_id`=2674, `order_num`=0, `path`='group', `component`='dp/document/group/index', `query`=NULL, `is_frame`=1, `is_cache`=0, `route_name`=NULL, `menu_type`='C', `visible`='0', `status`='0', `perms`='dp:document:group:list', `icon`='#', `create_by`='admin', `create_time`='2025-09-30 10:08:52', `update_by`=NULL, `update_time`=NULL, `remark`=NULL
WHERE `menu_id`=2679;

UPDATE `qdata`.`system_menu`
SET `menu_name`='地方标准', `parent_id`=2674, `order_num`=0, `path`='provincial', `component`='dp/document/provincial/index', `query`=NULL, `is_frame`=1, `is_cache`=0, `route_name`=NULL, `menu_type`='C', `visible`='0', `status`='0', `perms`='dp:document:provincial:list', `icon`='#', `create_by`='admin', `create_time`='2025-09-30 10:08:31', `update_by`=NULL, `update_time`=NULL, `remark`=NULL
WHERE `menu_id`=2678;

UPDATE `qdata`.`system_menu`
SET `menu_name`='行业标准', `parent_id`=2674, `order_num`=0, `path`='industry', `component`='dp/document/industry/index', `query`=NULL, `is_frame`=1, `is_cache`=0, `route_name`=NULL, `menu_type`='C', `visible`='0', `status`='0', `perms`='dp:document:industry:list', `icon`='#', `create_by`='admin', `create_time`='2025-09-30 10:06:52', `update_by`=NULL, `update_time`=NULL, `remark`=NULL
WHERE `menu_id`=2677;

UPDATE `qdata`.`system_menu`
SET `menu_name`='国家标准', `parent_id`=2674, `order_num`=0, `path`='national', `component`='dp/document/national/index', `query`=NULL, `is_frame`=1, `is_cache`=0, `route_name`=NULL, `menu_type`='C', `visible`='0', `status`='0', `perms`='dp:document:national:list', `icon`='#', `create_by`='admin', `create_time`='2025-09-30 10:06:21', `update_by`=NULL, `update_time`=NULL, `remark`=NULL
WHERE `menu_id`=2676;

UPDATE `qdata`.`system_menu`
SET `menu_name`='标准检索', `parent_id`=2674, `order_num`=0, `path`='search', `component`='dp/document/search/index', `query`=NULL, `is_frame`=1, `is_cache`=0, `route_name`=NULL, `menu_type`='C', `visible`='0', `status`='0', `perms`='dp:document:search:list', `icon`='#', `create_by`='admin', `create_time`='2025-09-30 10:05:58', `update_by`=NULL, `update_time`=NULL, `remark`=NULL
WHERE `menu_id`=2675;

UPDATE `qdata`.`system_menu`
SET `menu_name`='标准登记', `parent_id`=2694, `order_num`=0, `path`='document', `component`=NULL, `query`=NULL, `is_frame`=1, `is_cache`=0, `route_name`=NULL, `menu_type`='M', `visible`='0', `status`='0', `perms`=NULL, `icon`='article-line', `create_by`='admin', `create_time`='2025-09-30 10:00:05', `update_by`='admin', `update_time`='2026-03-27 09:31:36', `remark`=NULL
WHERE `menu_id`=2674;

UPDATE `qdata`.`system_menu`
SET `menu_name`='标准数据元', `parent_id`=2694, `order_num`=9, `path`='dataElem', `component`='dp/dataElem/index', `query`=NULL, `is_frame`=1, `is_cache`=0, `route_name`=NULL, `menu_type`='C', `visible`='0', `status`='0', `perms`='dp:dataElem:list', `icon`='hard-drive-3-line', `create_by`='qData', `create_time`='2025-01-21 14:53:06', `update_by`='admin', `update_time`='2026-03-27 16:52:05', `remark`='数据元菜单'
WHERE `menu_id`=2315;

UPDATE `qdata`.`system_menu`
SET `menu_name`='创建模型', `parent_id`=2730, `order_num`=1, `path`='create', `component`='dp/model/index', `query`=NULL, `is_frame`=1, `is_cache`=0, `route_name`=NULL, `menu_type`='C', `visible`='0', `status`='0', `perms`='dp:model:list', `icon`=NULL, `create_by`='qData', `create_time`='2025-01-21 11:03:26', `update_by`='admin', `update_time`='2026-03-27 16:56:53', `remark`='逻辑模型菜单'
WHERE `menu_id`=2307;

-- 插入菜单数据
INSERT INTO `qdata`.`system_menu`
(`menu_id`,`menu_name`,`parent_id`,`order_num`,`path`,`component`,`query`,`is_frame`,`is_cache`,`route_name`,`menu_type`,`visible`,`status`,`perms`,`icon`,`create_by`,`create_time`,`update_by`,`update_time`,`remark`)
VALUES
(2731, '发布模型', 2730, 2, 'release', 'sys/developing/index', NULL, 1, 0, NULL, 'C', '0', '0', NULL, '#', 'admin', '2026-03-27 16:56:42', 'admin', '2026-03-27 16:57:10', NULL),
(2730, '模型管理', 2694, 5, 'model', NULL, NULL, 1, 0, NULL, 'M', '0', '0', NULL, 'instance-line', 'admin', '2026-03-27 16:54:27', 'admin', '2026-03-27 16:58:13', NULL),
(2729, '元数据比对', 2724, 5, 'comparison', 'sys/developing/index', NULL, 1, 0, NULL, 'C', '0', '0', NULL, '#', 'admin', '2026-03-25 17:45:35', 'admin', '2026-03-25 17:45:49', NULL),
(2728, '定版元数据', 2724, 4, 'fvMeta', 'sys/developing/index', NULL, 1, 0, NULL, 'C', '0', '0', NULL, '#', 'admin', '2026-03-25 17:45:07', 'admin', '2026-03-25 17:46:59', NULL),
(2727, '最新元数据', 2724, 3, 'newMeta', 'sys/developing/index', NULL, 1, 0, NULL, 'C', '0', '0', NULL, '#', 'admin', '2026-03-25 17:44:52', 'admin', '2026-03-25 17:46:32', NULL),
(2726, '元数据采集实例', 2724, 2, 'instance', 'sys/developing/index', NULL, 1, 0, NULL, 'C', '0', '0', NULL, '#', 'admin', '2026-03-25 17:44:36', NULL, NULL, NULL),
(2725, '元数据采集', 2724, 1, 'mc', 'sys/developing/index', NULL, 1, 0, NULL, 'C', '0', '0', NULL, '#', 'admin', '2026-03-25 17:43:26', 'admin', '2026-03-25 17:43:43', NULL),
(2724, '元数据管理', 2723, 1, 'meta', NULL, NULL, 1, 0, NULL, 'M', '0', '0', NULL, 'ysjgl', 'admin', '2026-03-25 17:42:50', 'admin', '2026-03-27 16:10:44', NULL),
(2723, '数据治理', 0, 5, 'dg', NULL, NULL, 1, 0, NULL, 'M', '0', '0', NULL, 'sjzl', 'admin', '2026-03-25 17:42:27', 'admin', '2026-03-27 16:08:33', NULL),
(2722, '主题域管理导入', 2716, 6, '#', NULL, NULL, 1, 0, NULL, 'F', '0', '0', 'dm:themeDomain:import', '#', 'admin', '2026-03-24 14:53:02', NULL, NULL, NULL),
(2721, '主题域管理导出', 2716, 5, '#', NULL, NULL, 1, 0, NULL, 'F', '0', '0', 'dm:themeDomain:export', '#', 'admin', '2026-03-24 14:53:02', NULL, NULL, NULL),
(2720, '主题域管理删除', 2716, 4, '#', NULL, NULL, 1, 0, NULL, 'F', '0', '0', 'dm:themeDomain:remove', '#', 'admin', '2026-03-24 14:53:02', NULL, NULL, NULL),
(2719, '主题域管理修改', 2716, 3, '#', NULL, NULL, 1, 0, NULL, 'F', '0', '0', 'dm:themeDomain:edit', '#', 'admin', '2026-03-24 14:53:02', NULL, NULL, NULL),
(2718, '主题域管理新增', 2716, 2, '#', NULL, NULL, 1, 0, NULL, 'F', '0', '0', 'dm:themeDomain:add', '#', 'admin', '2026-03-24 14:53:02', NULL, NULL, NULL),
(2717, '主题域管理查询', 2716, 1, '#', NULL, NULL, 1, 0, NULL, 'F', '0', '0', 'dm:themeDomain:query', '#', 'admin', '2026-03-24 14:53:02', NULL, NULL, NULL),
(2716, '主题域管理', 2694, 4, 'themeDomain', 'dm/themeDomain/index', NULL, 1, 0, NULL, 'C', '0', '0', 'dm:themeDomain:list', 'ztygl', 'admin', '2026-03-24 14:52:41', 'admin', '2026-03-27 16:52:45', '主题域管理菜单'),
(2709, '业务分层', 2694, 2, 'businessLayer', 'sys/developing/index', NULL, 1, 0, NULL, 'C', '0', '0', NULL, 'ywfz', 'admin', '2026-03-24 14:52:05', 'admin', '2026-03-27 16:52:25', '数仓分层-规范管理菜单'),
(2708, '数仓分层管理导入', 2702, 6, '#', NULL, NULL, 1, 0, NULL, 'F', '0', '0', 'dm:dataLayer:import', '#', 'admin', '2026-03-24 14:51:48', NULL, NULL, NULL),
(2707, '数仓分层管理导出', 2702, 5, '#', NULL, NULL, 1, 0, NULL, 'F', '0', '0', 'dm:dataLayer:export', '#', 'admin', '2026-03-24 14:51:48', NULL, NULL, NULL),
(2706, '数仓分层管理删除', 2702, 4, '#', NULL, NULL, 1, 0, NULL, 'F', '0', '0', 'dm:dataLayer:remove', '#', 'admin', '2026-03-24 14:51:48', NULL, NULL, NULL),
(2705, '数仓分层管理修改', 2702, 3, '#', NULL, NULL, 1, 0, NULL, 'F', '0', '0', 'dm:dataLayer:edit', '#', 'admin', '2026-03-24 14:51:48', NULL, NULL, NULL),
(2704, '数仓分层管理新增', 2702, 2, '#', NULL, NULL, 1, 0, NULL, 'F', '0', '0', 'dm:dataLayer:add', '#', 'admin', '2026-03-24 14:51:48', NULL, NULL, NULL),
(2703, '数仓分层管理查询', 2702, 1, '#', NULL, NULL, 1, 0, NULL, 'F', '0', '0', 'dm:dataLayer:query', '#', 'admin', '2026-03-24 14:51:48', NULL, NULL, NULL),
(2702, '数仓分层', 2694, 1, 'dataLayer', 'dm/dataLayer/index', NULL, 1, 0, NULL, 'C', '0', '0', 'dm:dataLayer:list', 'scfc', 'admin', '2026-03-24 14:50:48', 'admin', '2026-03-27 16:52:31', '数仓分层管理菜单'),
(2701, '数据域管理导入', 2695, 6, '#', NULL, NULL, 1, 0, NULL, 'F', '0', '0', 'dm:dataDomain:import', '#', 'admin', '2026-03-24 14:50:23', NULL, NULL, NULL),
(2700, '数据域管理导出', 2695, 5, '#', NULL, NULL, 1, 0, NULL, 'F', '0', '0', 'dm:dataDomain:export', '#', 'admin', '2026-03-24 14:50:23', NULL, NULL, NULL),
(2699, '数据域管理删除', 2695, 4, '#', NULL, NULL, 1, 0, NULL, 'F', '0', '0', 'dm:dataDomain:remove', '#', 'admin', '2026-03-24 14:50:23', NULL, NULL, NULL),
(2698, '数据域管理修改', 2695, 3, '#', NULL, NULL, 1, 0, NULL, 'F', '0', '0', 'dm:dataDomain:edit', '#', 'admin', '2026-03-24 14:50:23', NULL, NULL, NULL),
(2697, '数据域管理新增', 2695, 2, '#', NULL, NULL, 1, 0, NULL, 'F', '0', '0', 'dm:dataDomain:add', '#', 'admin', '2026-03-24 14:50:22', NULL, NULL, NULL),
(2696, '数据域管理查询', 2695, 1, '#', NULL, NULL, 1, 0, NULL, 'F', '0', '0', 'dm:dataDomain:query', '#', 'admin', '2026-03-24 14:50:22', NULL, NULL, NULL),
(2695, '数据域管理', 2694, 3, 'dataDomain', 'dm/dataDomain/index', NULL, 1, 0, NULL, 'C', '0', '0', 'dm:dataDomain:list', 'sjygl', 'admin', '2026-03-24 14:49:17', 'admin', '2026-03-27 16:52:40', '数据域管理菜单'),
(2694, '数据建模', 0, 2, 'dm', NULL, NULL, 1, 0, NULL, 'M', '0', '0', NULL, 'sjjm', 'admin', '2026-03-24 14:48:16', 'admin', '2026-03-27 16:06:56', NULL);

-- 授权菜单
INSERT INTO `qdata`.`system_role_menu`
(`role_id`,`menu_id`,`project_id`)
VALUES
(7, 2731, 0),
(3, 2731, 0),
(2, 2731, 0),
(2, 2730, 0),
(3, 2730, 0),
(7, 2730, 0),
(3, 2729, 0),
(7, 2729, 0),
(2, 2729, 0),
(2, 2728, 0),
(7, 2728, 0),
(3, 2728, 0),
(2, 2727, 0),
(7, 2727, 0),
(3, 2727, 0),
(3, 2726, 0),
(2, 2726, 0),
(7, 2726, 0),
(2, 2725, 0),
(3, 2725, 0),
(7, 2725, 0),
(3, 2724, 0),
(2, 2724, 0),
(7, 2724, 0),
(3, 2723, 0),
(2, 2723, 0),
(7, 2723, 0),
(2, 2722, 0),
(7, 2722, 0),
(3, 2722, 0),
(2, 2721, 0),
(3, 2721, 0),
(7, 2721, 0),
(7, 2720, 0),
(3, 2720, 0),
(2, 2720, 0),
(2, 2719, 0),
(7, 2719, 0),
(3, 2719, 0),
(3, 2718, 0),
(2, 2718, 0),
(7, 2718, 0),
(3, 2717, 0),
(7, 2717, 0),
(2, 2717, 0),
(3, 2716, 0),
(2, 2716, 0),
(7, 2716, 0),
(3, 2709, 0),
(7, 2709, 0),
(2, 2709, 0),
(7, 2708, 0),
(2, 2708, 0),
(3, 2708, 0),
(7, 2707, 0),
(3, 2707, 0),
(2, 2707, 0),
(3, 2706, 0),
(7, 2706, 0),
(2, 2706, 0),
(7, 2705, 0),
(2, 2705, 0),
(3, 2705, 0),
(7, 2704, 0),
(2, 2704, 0),
(3, 2704, 0),
(7, 2703, 0),
(3, 2703, 0),
(2, 2703, 0),
(2, 2702, 0),
(3, 2702, 0),
(7, 2702, 0),
(3, 2701, 0),
(2, 2701, 0),
(7, 2701, 0),
(7, 2700, 0),
(2, 2700, 0),
(3, 2700, 0),
(3, 2699, 0),
(2, 2699, 0),
(7, 2699, 0),
(3, 2698, 0),
(2, 2698, 0),
(7, 2698, 0),
(3, 2697, 0),
(7, 2697, 0),
(2, 2697, 0),
(3, 2696, 0),
(2, 2696, 0),
(7, 2696, 0),
(2, 2695, 0),
(7, 2695, 0),
(3, 2695, 0),
(7, 2694, 0),
(2, 2694, 0),
(3, 2694, 0);
