SET IDENTITY_INSERT "QDATA"."DM_DATA_DOMAIN" ON;
INSERT INTO "QDATA"."DM_DATA_DOMAIN"("ID","NAME","ENG_NAME","OWNER_USER_ID","DESCRIPTION","VALID_FLAG","DEL_FLAG","CREATE_BY","CREATOR_ID","CREATE_TIME","UPDATE_BY","UPDATER_ID","UPDATE_TIME","REMARK") VALUES(1,'水文监测数据域','HYD',2,'水位、流量、流速、含沙量等实时水文要素监测数据','1','0','吴同',2,TO_DATE('2026-03-27 10:09:54.001000000','SYYYY-MM-DD HH24:MI:SS.FF9'),'吴同',2,TO_DATE('2026-03-27 10:09:33.655000000','SYYYY-MM-DD HH24:MI:SS.FF9'),null);
INSERT INTO "QDATA"."DM_DATA_DOMAIN"("ID","NAME","ENG_NAME","OWNER_USER_ID","DESCRIPTION","VALID_FLAG","DEL_FLAG","CREATE_BY","CREATOR_ID","CREATE_TIME","UPDATE_BY","UPDATER_ID","UPDATE_TIME","REMARK") VALUES(2,'气象降雨数据域','MET',2,'降雨量、蒸发量、气温、湿度等气象观测数据','1','0','吴同',2,TO_DATE('2026-03-27 10:09:54.002000000','SYYYY-MM-DD HH24:MI:SS.FF9'),'吴同',2,TO_DATE('2026-03-27 10:09:54.489000000','SYYYY-MM-DD HH24:MI:SS.FF9'),null);
INSERT INTO "QDATA"."DM_DATA_DOMAIN"("ID","NAME","ENG_NAME","OWNER_USER_ID","DESCRIPTION","VALID_FLAG","DEL_FLAG","CREATE_BY","CREATOR_ID","CREATE_TIME","UPDATE_BY","UPDATER_ID","UPDATE_TIME","REMARK") VALUES(3,'水文监测数据域','HYD',2,'水位、流量、流速、含沙量等实时水文要素监测数据','1','0','吴同',2,TO_DATE('2026-03-27 10:09:54.003000000','SYYYY-MM-DD HH24:MI:SS.FF9'),'吴同',2,TO_DATE('2026-03-27 10:13:28.342451000','SYYYY-MM-DD HH24:MI:SS.FF9'),null);
INSERT INTO "QDATA"."DM_DATA_DOMAIN"("ID","NAME","ENG_NAME","OWNER_USER_ID","DESCRIPTION","VALID_FLAG","DEL_FLAG","CREATE_BY","CREATOR_ID","CREATE_TIME","UPDATE_BY","UPDATER_ID","UPDATE_TIME","REMARK") VALUES(4,'气象降雨数据域','MET',2,'降雨量、蒸发量、气温、湿度等气象观测数据','1','0','吴同',2,TO_DATE('2026-03-27 10:09:54.004000000','SYYYY-MM-DD HH24:MI:SS.FF9'),'吴同',2,TO_DATE('2026-03-27 10:13:28.342598000','SYYYY-MM-DD HH24:MI:SS.FF9'),null);
INSERT INTO "QDATA"."DM_DATA_DOMAIN"("ID","NAME","ENG_NAME","OWNER_USER_ID","DESCRIPTION","VALID_FLAG","DEL_FLAG","CREATE_BY","CREATOR_ID","CREATE_TIME","UPDATE_BY","UPDATER_ID","UPDATE_TIME","REMARK") VALUES(5,'水库工程数据域','RES',2,'水库基本信息、特征水位、库容曲线、大坝安全监测','1','0','吴同',2,TO_DATE('2026-03-27 10:09:54.005000000','SYYYY-MM-DD HH24:MI:SS.FF9'),'吴同',2,TO_DATE('2026-03-27 10:13:28.342662000','SYYYY-MM-DD HH24:MI:SS.FF9'),null);
INSERT INTO "QDATA"."DM_DATA_DOMAIN"("ID","NAME","ENG_NAME","OWNER_USER_ID","DESCRIPTION","VALID_FLAG","DEL_FLAG","CREATE_BY","CREATOR_ID","CREATE_TIME","UPDATE_BY","UPDATER_ID","UPDATE_TIME","REMARK") VALUES(6,'河道堤防数据域','RIV',2,'河道断面、堤防高程、险工险段、护岸工程信息','1','0','吴同',2,TO_DATE('2026-03-27 10:09:54.006000000','SYYYY-MM-DD HH24:MI:SS.FF9'),'吴同',2,TO_DATE('2026-03-27 10:13:28.342707000','SYYYY-MM-DD HH24:MI:SS.FF9'),null);
INSERT INTO "QDATA"."DM_DATA_DOMAIN"("ID","NAME","ENG_NAME","OWNER_USER_ID","DESCRIPTION","VALID_FLAG","DEL_FLAG","CREATE_BY","CREATOR_ID","CREATE_TIME","UPDATE_BY","UPDATER_ID","UPDATE_TIME","REMARK") VALUES(7,'灌区管理数据域','IRR',2,'灌区范围、灌溉面积、渠系分布、用水计划与计量','1','0','吴同',2,TO_DATE('2026-03-27 10:09:54.007000000','SYYYY-MM-DD HH24:MI:SS.FF9'),'吴同',2,TO_DATE('2026-03-27 10:13:28.342749000','SYYYY-MM-DD HH24:MI:SS.FF9'),null);
INSERT INTO "QDATA"."DM_DATA_DOMAIN"("ID","NAME","ENG_NAME","OWNER_USER_ID","DESCRIPTION","VALID_FLAG","DEL_FLAG","CREATE_BY","CREATOR_ID","CREATE_TIME","UPDATE_BY","UPDATER_ID","UPDATE_TIME","REMARK") VALUES(8,'水资源管理数据域','WRM',2,'取水许可、水资源费征收、水量分配、节水管理','1','0','吴同',2,TO_DATE('2026-03-27 10:09:54.008000000','SYYYY-MM-DD HH24:MI:SS.FF9'),'吴同',2,TO_DATE('2026-03-27 10:13:28.342789000','SYYYY-MM-DD HH24:MI:SS.FF9'),null);
INSERT INTO "QDATA"."DM_DATA_DOMAIN"("ID","NAME","ENG_NAME","OWNER_USER_ID","DESCRIPTION","VALID_FLAG","DEL_FLAG","CREATE_BY","CREATOR_ID","CREATE_TIME","UPDATE_BY","UPDATER_ID","UPDATE_TIME","REMARK") VALUES(9,'水质监测数据域','WQM',2,'水源地、河湖断面水质监测数据，COD、氨氮等指标','1','0','吴同',2,TO_DATE('2026-03-27 10:09:54.009000000','SYYYY-MM-DD HH24:MI:SS.FF9'),'吴同',2,TO_DATE('2026-03-27 10:13:28.342829000','SYYYY-MM-DD HH24:MI:SS.FF9'),null);
INSERT INTO "QDATA"."DM_DATA_DOMAIN"("ID","NAME","ENG_NAME","OWNER_USER_ID","DESCRIPTION","VALID_FLAG","DEL_FLAG","CREATE_BY","CREATOR_ID","CREATE_TIME","UPDATE_BY","UPDATER_ID","UPDATE_TIME","REMARK") VALUES(10,'水土保持数据域','SWC',2,'小流域治理、淤地坝、坡耕地、水土流失监测','1','0','吴同',2,TO_DATE('2026-03-27 10:09:54.010000000','SYYYY-MM-DD HH24:MI:SS.FF9'),'吴同',2,TO_DATE('2026-03-27 10:13:28.342871000','SYYYY-MM-DD HH24:MI:SS.FF9'),null);
INSERT INTO "QDATA"."DM_DATA_DOMAIN"("ID","NAME","ENG_NAME","OWNER_USER_ID","DESCRIPTION","VALID_FLAG","DEL_FLAG","CREATE_BY","CREATOR_ID","CREATE_TIME","UPDATE_BY","UPDATER_ID","UPDATE_TIME","REMARK") VALUES(11,'农村供水数据域','RWS',2,'农村饮水安全工程、水厂运行、供水管网、水质达标','1','0','吴同',2,TO_DATE('2026-03-27 10:09:54.011000000','SYYYY-MM-DD HH24:MI:SS.FF9'),'吴同',2,TO_DATE('2026-03-27 10:13:28.342911000','SYYYY-MM-DD HH24:MI:SS.FF9'),null);
INSERT INTO "QDATA"."DM_DATA_DOMAIN"("ID","NAME","ENG_NAME","OWNER_USER_ID","DESCRIPTION","VALID_FLAG","DEL_FLAG","CREATE_BY","CREATOR_ID","CREATE_TIME","UPDATE_BY","UPDATER_ID","UPDATE_TIME","REMARK") VALUES(12,'防汛抗旱数据域','FCD',2,'汛情预警、险情灾情、物资储备、应急响应调度','1','0','吴同',2,TO_DATE('2026-03-27 10:09:54.012000000','SYYYY-MM-DD HH24:MI:SS.FF9'),'吴同',2,TO_DATE('2026-03-27 10:13:28.342951000','SYYYY-MM-DD HH24:MI:SS.FF9'),null);
INSERT INTO "QDATA"."DM_DATA_DOMAIN"("ID","NAME","ENG_NAME","OWNER_USER_ID","DESCRIPTION","VALID_FLAG","DEL_FLAG","CREATE_BY","CREATOR_ID","CREATE_TIME","UPDATE_BY","UPDATER_ID","UPDATE_TIME","REMARK") VALUES(13,'水利工程数据域','ENG',2,'水利基建项目、除险加固、运行维护、安全鉴定','1','0','吴同',2,TO_DATE('2026-03-27 10:09:54.013000000','SYYYY-MM-DD HH24:MI:SS.FF9'),'吴同',2,TO_DATE('2026-03-27 10:13:28.342991000','SYYYY-MM-DD HH24:MI:SS.FF9'),null);

SET IDENTITY_INSERT "QDATA"."DM_DATA_DOMAIN" OFF;
SET IDENTITY_INSERT "QDATA"."DM_DATA_LAYER" ON;
INSERT INTO "QDATA"."DM_DATA_LAYER"("ID","NAME","ENG_NAME","OWNER_USER_ID","CATEGORY","DESCRIPTION","VALID_FLAG","DEL_FLAG","CREATE_BY","CREATOR_ID","CREATE_TIME","UPDATE_BY","UPDATER_ID","UPDATE_TIME","REMARK") VALUES(1,'操作数据层','ODS',1,'1','也叫贴源层,本层直接存放从业务系统抽取过来的数据,这些数据从结构上和数据上与业务系统保持一致,降低了数据抽取的复杂性。','1','0','吴同',2,TO_DATE('2026-03-25 09:46:09.722000000','SYYYY-MM-DD HH24:MI:SS.FF9'),'吴同',2,TO_DATE('2026-03-25 09:46:09.722000000','SYYYY-MM-DD HH24:MI:SS.FF9'),null);
INSERT INTO "QDATA"."DM_DATA_LAYER"("ID","NAME","ENG_NAME","OWNER_USER_ID","CATEGORY","DESCRIPTION","VALID_FLAG","DEL_FLAG","CREATE_BY","CREATOR_ID","CREATE_TIME","UPDATE_BY","UPDATER_ID","UPDATE_TIME","REMARK") VALUES(2,'维度层','DIM',1,'2','以维度作为建模驱动，基于每个维度的业务含义，通过添加维度属性、关联维度等定义计算逻辑，完成属性定义的过程并建立一致的数据分析维表。为了避免在维度模型中冗余关联维度的属性，基于雪花模型构建维度表。','1','0','吴同',2,TO_DATE('2026-03-25 10:14:31.637065000','SYYYY-MM-DD HH24:MI:SS.FF9'),'吴同',2,TO_DATE('2026-03-25 10:14:31.637071000','SYYYY-MM-DD HH24:MI:SS.FF9'),null);
INSERT INTO "QDATA"."DM_DATA_LAYER"("ID","NAME","ENG_NAME","OWNER_USER_ID","CATEGORY","DESCRIPTION","VALID_FLAG","DEL_FLAG","CREATE_BY","CREATOR_ID","CREATE_TIME","UPDATE_BY","UPDATER_ID","UPDATE_TIME","REMARK") VALUES(3,'明细数据层','DWD',1,'2','以业务过程作为建模驱动，基于每个具体的业务过程特点，构建最细粒度的明细事实表。可将某些重要属性字段做适当冗余，也即宽表化处理。','1','0','吴同',2,TO_DATE('2026-03-25 10:15:06.151933000','SYYYY-MM-DD HH24:MI:SS.FF9'),'吴同',2,TO_DATE('2026-03-25 10:15:06.151940000','SYYYY-MM-DD HH24:MI:SS.FF9'),null);
INSERT INTO "QDATA"."DM_DATA_LAYER"("ID","NAME","ENG_NAME","OWNER_USER_ID","CATEGORY","DESCRIPTION","VALID_FLAG","DEL_FLAG","CREATE_BY","CREATOR_ID","CREATE_TIME","UPDATE_BY","UPDATER_ID","UPDATE_TIME","REMARK") VALUES(4,'汇总数据层','DWS',1,'2','以分析的主题对象作为建模驱动，基于上层的应用和产品的指标需求，构建公共粒度的汇总指标表。以宽表化手段物理化模型，构建命名规范、口径一致的统计指标，为上层提供公共指标，建立汇总宽表、明细事实表。','1','0','吴同',2,TO_DATE('2026-03-25 10:15:29.193721000','SYYYY-MM-DD HH24:MI:SS.FF9'),'吴同',2,TO_DATE('2026-03-25 10:15:29.193729000','SYYYY-MM-DD HH24:MI:SS.FF9'),null);
INSERT INTO "QDATA"."DM_DATA_LAYER"("ID","NAME","ENG_NAME","OWNER_USER_ID","CATEGORY","DESCRIPTION","VALID_FLAG","DEL_FLAG","CREATE_BY","CREATOR_ID","CREATE_TIME","UPDATE_BY","UPDATER_ID","UPDATE_TIME","REMARK") VALUES(5,'数据应用层','ADS',1,'3','存放数据产品个性化的统计指标数据，报表数据。主要是提供给数据产品和数据分析使用的数据，通常根据业务需求，划分成流量、订单、用户等，生成字段比较多的宽表，用于提供后续的业务查询，OLAP分析，数据分发等。','1','0','吴同',2,TO_DATE('2026-03-25 10:15:52.556689000','SYYYY-MM-DD HH24:MI:SS.FF9'),'吴同',2,TO_DATE('2026-03-25 10:15:52.556696000','SYYYY-MM-DD HH24:MI:SS.FF9'),null);

SET IDENTITY_INSERT "QDATA"."DM_DATA_LAYER" OFF;
SET IDENTITY_INSERT "QDATA"."DM_DATA_LAYER_SPECIFICATION" ON;
INSERT INTO "QDATA"."DM_DATA_LAYER_SPECIFICATION"("ID","DATA_LAYER_ID","PREFIX_NAME","BUSINESS_ENG_NAME","OWNER_USER_ID","STATUS","DESCRIPTION","VALID_FLAG","DEL_FLAG","CREATE_BY","CREATOR_ID","CREATE_TIME","UPDATE_BY","UPDATER_ID","UPDATE_TIME","REMARK","序号") VALUES(1,1,'ODS_HYD_ST','HYD',1,'1','水文监测原始数据贴源接入，包含水位、流量、雨量等实时报汛数据','1','0','吴同',2,TO_DATE('2026-03-27 11:06:46.730623000','SYYYY-MM-DD HH24:MI:SS.FF9'),'吴同',2,TO_DATE('2026-03-27 11:06:46.730643000','SYYYY-MM-DD HH24:MI:SS.FF9'),null,1);
INSERT INTO "QDATA"."DM_DATA_LAYER_SPECIFICATION"("ID","DATA_LAYER_ID","PREFIX_NAME","BUSINESS_ENG_NAME","OWNER_USER_ID","STATUS","DESCRIPTION","VALID_FLAG","DEL_FLAG","CREATE_BY","CREATOR_ID","CREATE_TIME","UPDATE_BY","UPDATER_ID","UPDATE_TIME","REMARK","序号") VALUES(2,1,'ODS_MET_ST','MET',1,'1','气象降雨原始数据，对接气象局降雨预报及实况观测数据','1','0','吴同',2,TO_DATE('2026-03-27 11:06:46.730772000','SYYYY-MM-DD HH24:MI:SS.FF9'),'吴同',2,TO_DATE('2026-03-27 11:06:46.730774000','SYYYY-MM-DD HH24:MI:SS.FF9'),null,2);
INSERT INTO "QDATA"."DM_DATA_LAYER_SPECIFICATION"("ID","DATA_LAYER_ID","PREFIX_NAME","BUSINESS_ENG_NAME","OWNER_USER_ID","STATUS","DESCRIPTION","VALID_FLAG","DEL_FLAG","CREATE_BY","CREATOR_ID","CREATE_TIME","UPDATE_BY","UPDATER_ID","UPDATE_TIME","REMARK","序号") VALUES(3,1,'ODS_ENG_ST','ENG',1,'1','水利工程基础信息贴源数据，包含水库、堤防、闸泵等工程档案','1','0','吴同',2,TO_DATE('2026-03-27 11:06:46.730825000','SYYYY-MM-DD HH24:MI:SS.FF9'),'吴同',2,TO_DATE('2026-03-27 11:06:46.730827000','SYYYY-MM-DD HH24:MI:SS.FF9'),null,3);
INSERT INTO "QDATA"."DM_DATA_LAYER_SPECIFICATION"("ID","DATA_LAYER_ID","PREFIX_NAME","BUSINESS_ENG_NAME","OWNER_USER_ID","STATUS","DESCRIPTION","VALID_FLAG","DEL_FLAG","CREATE_BY","CREATOR_ID","CREATE_TIME","UPDATE_BY","UPDATER_ID","UPDATE_TIME","REMARK","序号") VALUES(4,1,'ODS_WRM_ST','WRM',1,'1','水资源管理原始数据，取水许可、用水统计等业务系统贴源','1','0','吴同',2,TO_DATE('2026-03-27 11:06:46.730871000','SYYYY-MM-DD HH24:MI:SS.FF9'),'吴同',2,TO_DATE('2026-03-27 11:06:46.730874000','SYYYY-MM-DD HH24:MI:SS.FF9'),null,4);
INSERT INTO "QDATA"."DM_DATA_LAYER_SPECIFICATION"("ID","DATA_LAYER_ID","PREFIX_NAME","BUSINESS_ENG_NAME","OWNER_USER_ID","STATUS","DESCRIPTION","VALID_FLAG","DEL_FLAG","CREATE_BY","CREATOR_ID","CREATE_TIME","UPDATE_BY","UPDATER_ID","UPDATE_TIME","REMARK","序号") VALUES(5,1,'ODS_FCD_ST','FCD',1,'0','防汛抗旱原始数据，汛情、险情、灾情及应急响应记录','1','0','吴同',2,TO_DATE('2026-03-27 11:06:46.000000000','SYYYY-MM-DD HH24:MI:SS.FF9'),'吴同',2,TO_DATE('2026-03-27 11:09:00.863000000','SYYYY-MM-DD HH24:MI:SS.FF9'),null,5);
INSERT INTO "QDATA"."DM_DATA_LAYER_SPECIFICATION"("ID","DATA_LAYER_ID","PREFIX_NAME","BUSINESS_ENG_NAME","OWNER_USER_ID","STATUS","DESCRIPTION","VALID_FLAG","DEL_FLAG","CREATE_BY","CREATOR_ID","CREATE_TIME","UPDATE_BY","UPDATER_ID","UPDATE_TIME","REMARK","序号") VALUES(6,2,'DIM_HYD_STATION','HYD',1,'1','水文站点维度表，包含测站编码、位置、测站类型、监测要素等属性','1','0','吴同',2,TO_DATE('2026-03-27 11:06:46.730962000','SYYYY-MM-DD HH24:MI:SS.FF9'),'吴同',2,TO_DATE('2026-03-27 11:06:46.730965000','SYYYY-MM-DD HH24:MI:SS.FF9'),null,6);
INSERT INTO "QDATA"."DM_DATA_LAYER_SPECIFICATION"("ID","DATA_LAYER_ID","PREFIX_NAME","BUSINESS_ENG_NAME","OWNER_USER_ID","STATUS","DESCRIPTION","VALID_FLAG","DEL_FLAG","CREATE_BY","CREATOR_ID","CREATE_TIME","UPDATE_BY","UPDATER_ID","UPDATE_TIME","REMARK","序号") VALUES(7,2,'DIM_ENG_PROJECT','ENG',1,'1','水利工程项目维度表，工程编码、名称、类型、规模、建设时间等','1','0','吴同',2,TO_DATE('2026-03-27 11:06:46.731007000','SYYYY-MM-DD HH24:MI:SS.FF9'),'吴同',2,TO_DATE('2026-03-27 11:06:46.731009000','SYYYY-MM-DD HH24:MI:SS.FF9'),null,7);
INSERT INTO "QDATA"."DM_DATA_LAYER_SPECIFICATION"("ID","DATA_LAYER_ID","PREFIX_NAME","BUSINESS_ENG_NAME","OWNER_USER_ID","STATUS","DESCRIPTION","VALID_FLAG","DEL_FLAG","CREATE_BY","CREATOR_ID","CREATE_TIME","UPDATE_BY","UPDATER_ID","UPDATE_TIME","REMARK","序号") VALUES(8,2,'DIM_WRM_REGION','WRM',1,'1','水资源管理区划维度表，流域、水系、行政区、水资源分区','1','0','吴同',2,TO_DATE('2026-03-27 11:06:46.731055000','SYYYY-MM-DD HH24:MI:SS.FF9'),'吴同',2,TO_DATE('2026-03-27 11:06:46.731057000','SYYYY-MM-DD HH24:MI:SS.FF9'),null,8);
INSERT INTO "QDATA"."DM_DATA_LAYER_SPECIFICATION"("ID","DATA_LAYER_ID","PREFIX_NAME","BUSINESS_ENG_NAME","OWNER_USER_ID","STATUS","DESCRIPTION","VALID_FLAG","DEL_FLAG","CREATE_BY","CREATOR_ID","CREATE_TIME","UPDATE_BY","UPDATER_ID","UPDATE_TIME","REMARK","序号") VALUES(9,2,'DIM_WQM_INDEX','WQM',1,'1','水质监测指标维度表，指标编码、名称、单位、标准限值、评价方法','1','0','吴同',2,TO_DATE('2026-03-27 11:06:46.731100000','SYYYY-MM-DD HH24:MI:SS.FF9'),'吴同',2,TO_DATE('2026-03-27 11:06:46.731103000','SYYYY-MM-DD HH24:MI:SS.FF9'),null,9);
INSERT INTO "QDATA"."DM_DATA_LAYER_SPECIFICATION"("ID","DATA_LAYER_ID","PREFIX_NAME","BUSINESS_ENG_NAME","OWNER_USER_ID","STATUS","DESCRIPTION","VALID_FLAG","DEL_FLAG","CREATE_BY","CREATOR_ID","CREATE_TIME","UPDATE_BY","UPDATER_ID","UPDATE_TIME","REMARK","序号") VALUES(10,2,'DIM_FCD_EVENT','FCD',1,'1','防汛事件类型维度表，险情类别、灾情等级、应急响应级别定义','1','0','吴同',2,TO_DATE('2026-03-27 11:06:46.731145000','SYYYY-MM-DD HH24:MI:SS.FF9'),'吴同',2,TO_DATE('2026-03-27 11:06:46.731147000','SYYYY-MM-DD HH24:MI:SS.FF9'),null,10);
INSERT INTO "QDATA"."DM_DATA_LAYER_SPECIFICATION"("ID","DATA_LAYER_ID","PREFIX_NAME","BUSINESS_ENG_NAME","OWNER_USER_ID","STATUS","DESCRIPTION","VALID_FLAG","DEL_FLAG","CREATE_BY","CREATOR_ID","CREATE_TIME","UPDATE_BY","UPDATER_ID","UPDATE_TIME","REMARK","序号") VALUES(11,3,'DWD_HYD_REALTIME','HYD',1,'1','实时水情监测明细数据，按时间序列存储水位流量过程数据','1','0','吴同',2,TO_DATE('2026-03-27 11:06:46.731188000','SYYYY-MM-DD HH24:MI:SS.FF9'),'吴同',2,TO_DATE('2026-03-27 11:06:46.731191000','SYYYY-MM-DD HH24:MI:SS.FF9'),null,11);
INSERT INTO "QDATA"."DM_DATA_LAYER_SPECIFICATION"("ID","DATA_LAYER_ID","PREFIX_NAME","BUSINESS_ENG_NAME","OWNER_USER_ID","STATUS","DESCRIPTION","VALID_FLAG","DEL_FLAG","CREATE_BY","CREATOR_ID","CREATE_TIME","UPDATE_BY","UPDATER_ID","UPDATE_TIME","REMARK","序号") VALUES(12,3,'DWD_MET_RAINFALL','MET',1,'1','降雨监测明细数据，时段降雨量、降雨强度、面雨量计算结果','1','0','吴同',2,TO_DATE('2026-03-27 11:06:46.731233000','SYYYY-MM-DD HH24:MI:SS.FF9'),'吴同',2,TO_DATE('2026-03-27 11:06:46.731236000','SYYYY-MM-DD HH24:MI:SS.FF9'),null,12);
INSERT INTO "QDATA"."DM_DATA_LAYER_SPECIFICATION"("ID","DATA_LAYER_ID","PREFIX_NAME","BUSINESS_ENG_NAME","OWNER_USER_ID","STATUS","DESCRIPTION","VALID_FLAG","DEL_FLAG","CREATE_BY","CREATOR_ID","CREATE_TIME","UPDATE_BY","UPDATER_ID","UPDATE_TIME","REMARK","序号") VALUES(13,3,'DWD_ENG_MONITOR','ENG',1,'1','工程安全监测明细，大坝渗流、变形、应力应变及视频监控AI识别','1','0','吴同',2,TO_DATE('2026-03-27 11:06:46.731278000','SYYYY-MM-DD HH24:MI:SS.FF9'),'吴同',2,TO_DATE('2026-03-27 11:06:46.731280000','SYYYY-MM-DD HH24:MI:SS.FF9'),null,13);
INSERT INTO "QDATA"."DM_DATA_LAYER_SPECIFICATION"("ID","DATA_LAYER_ID","PREFIX_NAME","BUSINESS_ENG_NAME","OWNER_USER_ID","STATUS","DESCRIPTION","VALID_FLAG","DEL_FLAG","CREATE_BY","CREATOR_ID","CREATE_TIME","UPDATE_BY","UPDATER_ID","UPDATE_TIME","REMARK","序号") VALUES(14,3,'DWD_WRM_WITHDRAW','WRM',1,'1','取水许可执行明细，取水户、取水工程、许可水量、实时计量数据','1','0','吴同',2,TO_DATE('2026-03-27 11:06:46.731322000','SYYYY-MM-DD HH24:MI:SS.FF9'),'吴同',2,TO_DATE('2026-03-27 11:06:46.731324000','SYYYY-MM-DD HH24:MI:SS.FF9'),null,14);
INSERT INTO "QDATA"."DM_DATA_LAYER_SPECIFICATION"("ID","DATA_LAYER_ID","PREFIX_NAME","BUSINESS_ENG_NAME","OWNER_USER_ID","STATUS","DESCRIPTION","VALID_FLAG","DEL_FLAG","CREATE_BY","CREATOR_ID","CREATE_TIME","UPDATE_BY","UPDATER_ID","UPDATE_TIME","REMARK","序号") VALUES(15,3,'DWD_FCD_DISASTER','FCD',1,'1','洪涝灾害事件明细，受灾人口、受灾面积、经济损失、抢险投入','1','0','吴同',2,TO_DATE('2026-03-27 11:06:46.731366000','SYYYY-MM-DD HH24:MI:SS.FF9'),'吴同',2,TO_DATE('2026-03-27 11:06:46.731368000','SYYYY-MM-DD HH24:MI:SS.FF9'),null,15);
INSERT INTO "QDATA"."DM_DATA_LAYER_SPECIFICATION"("ID","DATA_LAYER_ID","PREFIX_NAME","BUSINESS_ENG_NAME","OWNER_USER_ID","STATUS","DESCRIPTION","VALID_FLAG","DEL_FLAG","CREATE_BY","CREATOR_ID","CREATE_TIME","UPDATE_BY","UPDATER_ID","UPDATE_TIME","REMARK","序号") VALUES(16,4,'DWS_HYD_DAILY','HYD',1,'1','水情日汇总数据，日最高水位、日最大流量、日均流量统计','1','0','吴同',2,TO_DATE('2026-03-27 11:06:46.731411000','SYYYY-MM-DD HH24:MI:SS.FF9'),'吴同',2,TO_DATE('2026-03-27 11:06:46.731414000','SYYYY-MM-DD HH24:MI:SS.FF9'),null,16);
INSERT INTO "QDATA"."DM_DATA_LAYER_SPECIFICATION"("ID","DATA_LAYER_ID","PREFIX_NAME","BUSINESS_ENG_NAME","OWNER_USER_ID","STATUS","DESCRIPTION","VALID_FLAG","DEL_FLAG","CREATE_BY","CREATOR_ID","CREATE_TIME","UPDATE_BY","UPDATER_ID","UPDATE_TIME","REMARK","序号") VALUES(17,4,'DWS_MET_RAIN_STAT','MET',1,'1','降雨统计汇总，日降雨、旬降雨、月降雨、年降雨及历史排位','1','0','吴同',2,TO_DATE('2026-03-27 11:06:46.731456000','SYYYY-MM-DD HH24:MI:SS.FF9'),'吴同',2,TO_DATE('2026-03-27 11:06:46.731458000','SYYYY-MM-DD HH24:MI:SS.FF9'),null,17);
INSERT INTO "QDATA"."DM_DATA_LAYER_SPECIFICATION"("ID","DATA_LAYER_ID","PREFIX_NAME","BUSINESS_ENG_NAME","OWNER_USER_ID","STATUS","DESCRIPTION","VALID_FLAG","DEL_FLAG","CREATE_BY","CREATOR_ID","CREATE_TIME","UPDATE_BY","UPDATER_ID","UPDATE_TIME","REMARK","序号") VALUES(18,4,'DWS_ENG_SAFETY','ENG',1,'1','工程安全评价汇总，病险水库数量、除险加固进度、安全鉴定结果','1','0','吴同',2,TO_DATE('2026-03-27 11:06:46.731500000','SYYYY-MM-DD HH24:MI:SS.FF9'),'吴同',2,TO_DATE('2026-03-27 11:06:46.731502000','SYYYY-MM-DD HH24:MI:SS.FF9'),null,18);
INSERT INTO "QDATA"."DM_DATA_LAYER_SPECIFICATION"("ID","DATA_LAYER_ID","PREFIX_NAME","BUSINESS_ENG_NAME","OWNER_USER_ID","STATUS","DESCRIPTION","VALID_FLAG","DEL_FLAG","CREATE_BY","CREATOR_ID","CREATE_TIME","UPDATE_BY","UPDATER_ID","UPDATE_TIME","REMARK","序号") VALUES(19,4,'DWS_WRM_EFFICIENCY','WRM',1,'1','水资源利用效率汇总，万元GDP用水量、灌溉水有效利用系数','1','0','吴同',2,TO_DATE('2026-03-27 11:06:46.731544000','SYYYY-MM-DD HH24:MI:SS.FF9'),'吴同',2,TO_DATE('2026-03-27 11:06:46.731546000','SYYYY-MM-DD HH24:MI:SS.FF9'),null,19);
INSERT INTO "QDATA"."DM_DATA_LAYER_SPECIFICATION"("ID","DATA_LAYER_ID","PREFIX_NAME","BUSINESS_ENG_NAME","OWNER_USER_ID","STATUS","DESCRIPTION","VALID_FLAG","DEL_FLAG","CREATE_BY","CREATOR_ID","CREATE_TIME","UPDATE_BY","UPDATER_ID","UPDATE_TIME","REMARK","序号") VALUES(20,4,'DWS_FCD_DEFENSE','FCD',1,'1','防汛减灾成效汇总，洪水预报准确率、灾害损失率、人员转移数量','1','0','吴同',2,TO_DATE('2026-03-27 11:06:46.731589000','SYYYY-MM-DD HH24:MI:SS.FF9'),'吴同',2,TO_DATE('2026-03-27 11:06:46.731591000','SYYYY-MM-DD HH24:MI:SS.FF9'),null,20);
INSERT INTO "QDATA"."DM_DATA_LAYER_SPECIFICATION"("ID","DATA_LAYER_ID","PREFIX_NAME","BUSINESS_ENG_NAME","OWNER_USER_ID","STATUS","DESCRIPTION","VALID_FLAG","DEL_FLAG","CREATE_BY","CREATOR_ID","CREATE_TIME","UPDATE_BY","UPDATER_ID","UPDATE_TIME","REMARK","序号") VALUES(21,5,'ADS_HYD_FORECAST','HYD',1,'1','洪水预报应用数据，预报方案、模型参数、预报结果、精度评定','1','0','吴同',2,TO_DATE('2026-03-27 11:06:46.731643000','SYYYY-MM-DD HH24:MI:SS.FF9'),'吴同',2,TO_DATE('2026-03-27 11:06:46.731646000','SYYYY-MM-DD HH24:MI:SS.FF9'),null,21);
INSERT INTO "QDATA"."DM_DATA_LAYER_SPECIFICATION"("ID","DATA_LAYER_ID","PREFIX_NAME","BUSINESS_ENG_NAME","OWNER_USER_ID","STATUS","DESCRIPTION","VALID_FLAG","DEL_FLAG","CREATE_BY","CREATOR_ID","CREATE_TIME","UPDATE_BY","UPDATER_ID","UPDATE_TIME","REMARK","序号") VALUES(22,5,'ADS_ENG_DISPATCH','ENG',1,'1','工程调度应用数据，水库群联合调度方案、防洪兴利优化计算','1','0','吴同',2,TO_DATE('2026-03-27 11:06:46.731690000','SYYYY-MM-DD HH24:MI:SS.FF9'),'吴同',2,TO_DATE('2026-03-27 11:06:46.731693000','SYYYY-MM-DD HH24:MI:SS.FF9'),null,22);
INSERT INTO "QDATA"."DM_DATA_LAYER_SPECIFICATION"("ID","DATA_LAYER_ID","PREFIX_NAME","BUSINESS_ENG_NAME","OWNER_USER_ID","STATUS","DESCRIPTION","VALID_FLAG","DEL_FLAG","CREATE_BY","CREATOR_ID","CREATE_TIME","UPDATE_BY","UPDATER_ID","UPDATE_TIME","REMARK","序号") VALUES(23,5,'ADS_WRM_BALANCE','WRM',1,'1','水资源配置应用，水量平衡分析、供需预测、配置方案模拟','1','0','吴同',2,TO_DATE('2026-03-27 11:06:46.731735000','SYYYY-MM-DD HH24:MI:SS.FF9'),'吴同',2,TO_DATE('2026-03-27 11:06:46.731738000','SYYYY-MM-DD HH24:MI:SS.FF9'),null,23);
INSERT INTO "QDATA"."DM_DATA_LAYER_SPECIFICATION"("ID","DATA_LAYER_ID","PREFIX_NAME","BUSINESS_ENG_NAME","OWNER_USER_ID","STATUS","DESCRIPTION","VALID_FLAG","DEL_FLAG","CREATE_BY","CREATOR_ID","CREATE_TIME","UPDATE_BY","UPDATER_ID","UPDATE_TIME","REMARK","序号") VALUES(24,5,'ADS_WQM_ASSESS','WQM',1,'1','水质评价应用数据，水功能区达标评价、水源地安全评估报告','1','0','吴同',2,TO_DATE('2026-03-27 11:06:46.731780000','SYYYY-MM-DD HH24:MI:SS.FF9'),'吴同',2,TO_DATE('2026-03-27 11:06:46.731782000','SYYYY-MM-DD HH24:MI:SS.FF9'),null,24);
INSERT INTO "QDATA"."DM_DATA_LAYER_SPECIFICATION"("ID","DATA_LAYER_ID","PREFIX_NAME","BUSINESS_ENG_NAME","OWNER_USER_ID","STATUS","DESCRIPTION","VALID_FLAG","DEL_FLAG","CREATE_BY","CREATOR_ID","CREATE_TIME","UPDATE_BY","UPDATER_ID","UPDATE_TIME","REMARK","序号") VALUES(25,5,'ADS_FCD_COMMAND','FCD',1,'1','防汛指挥应用数据，实时汛情一张图、调度指令、应急响应联动','1','0','吴同',2,TO_DATE('2026-03-27 11:06:46.731825000','SYYYY-MM-DD HH24:MI:SS.FF9'),'吴同',2,TO_DATE('2026-03-27 11:06:46.731827000','SYYYY-MM-DD HH24:MI:SS.FF9'),null,25);
INSERT INTO "QDATA"."DM_DATA_LAYER_SPECIFICATION"("ID","DATA_LAYER_ID","PREFIX_NAME","BUSINESS_ENG_NAME","OWNER_USER_ID","STATUS","DESCRIPTION","VALID_FLAG","DEL_FLAG","CREATE_BY","CREATOR_ID","CREATE_TIME","UPDATE_BY","UPDATER_ID","UPDATE_TIME","REMARK","序号") VALUES(1,1,'ODS_HYD_ST','HYD',1,'1','水文监测原始数据贴源接入，包含水位、流量、雨量等实时报汛数据','1','0','吴同',2,TO_DATE('2026-03-27 11:06:46.730623000','SYYYY-MM-DD HH24:MI:SS.FF9'),'吴同',2,TO_DATE('2026-03-27 11:06:46.730643000','SYYYY-MM-DD HH24:MI:SS.FF9'),null,1);
INSERT INTO "QDATA"."DM_DATA_LAYER_SPECIFICATION"("ID","DATA_LAYER_ID","PREFIX_NAME","BUSINESS_ENG_NAME","OWNER_USER_ID","STATUS","DESCRIPTION","VALID_FLAG","DEL_FLAG","CREATE_BY","CREATOR_ID","CREATE_TIME","UPDATE_BY","UPDATER_ID","UPDATE_TIME","REMARK","序号") VALUES(2,1,'ODS_MET_ST','MET',1,'1','气象降雨原始数据，对接气象局降雨预报及实况观测数据','1','0','吴同',2,TO_DATE('2026-03-27 11:06:46.730772000','SYYYY-MM-DD HH24:MI:SS.FF9'),'吴同',2,TO_DATE('2026-03-27 11:06:46.730774000','SYYYY-MM-DD HH24:MI:SS.FF9'),null,2);
INSERT INTO "QDATA"."DM_DATA_LAYER_SPECIFICATION"("ID","DATA_LAYER_ID","PREFIX_NAME","BUSINESS_ENG_NAME","OWNER_USER_ID","STATUS","DESCRIPTION","VALID_FLAG","DEL_FLAG","CREATE_BY","CREATOR_ID","CREATE_TIME","UPDATE_BY","UPDATER_ID","UPDATE_TIME","REMARK","序号") VALUES(3,1,'ODS_ENG_ST','ENG',1,'1','水利工程基础信息贴源数据，包含水库、堤防、闸泵等工程档案','1','0','吴同',2,TO_DATE('2026-03-27 11:06:46.730825000','SYYYY-MM-DD HH24:MI:SS.FF9'),'吴同',2,TO_DATE('2026-03-27 11:06:46.730827000','SYYYY-MM-DD HH24:MI:SS.FF9'),null,3);
INSERT INTO "QDATA"."DM_DATA_LAYER_SPECIFICATION"("ID","DATA_LAYER_ID","PREFIX_NAME","BUSINESS_ENG_NAME","OWNER_USER_ID","STATUS","DESCRIPTION","VALID_FLAG","DEL_FLAG","CREATE_BY","CREATOR_ID","CREATE_TIME","UPDATE_BY","UPDATER_ID","UPDATE_TIME","REMARK","序号") VALUES(4,1,'ODS_WRM_ST','WRM',1,'1','水资源管理原始数据，取水许可、用水统计等业务系统贴源','1','0','吴同',2,TO_DATE('2026-03-27 11:06:46.730871000','SYYYY-MM-DD HH24:MI:SS.FF9'),'吴同',2,TO_DATE('2026-03-27 11:06:46.730874000','SYYYY-MM-DD HH24:MI:SS.FF9'),null,4);
INSERT INTO "QDATA"."DM_DATA_LAYER_SPECIFICATION"("ID","DATA_LAYER_ID","PREFIX_NAME","BUSINESS_ENG_NAME","OWNER_USER_ID","STATUS","DESCRIPTION","VALID_FLAG","DEL_FLAG","CREATE_BY","CREATOR_ID","CREATE_TIME","UPDATE_BY","UPDATER_ID","UPDATE_TIME","REMARK","序号") VALUES(5,1,'ODS_FCD_ST','FCD',1,'0','防汛抗旱原始数据，汛情、险情、灾情及应急响应记录','1','0','吴同',2,TO_DATE('2026-03-27 11:06:46.000000000','SYYYY-MM-DD HH24:MI:SS.FF9'),'吴同',2,TO_DATE('2026-03-27 11:09:00.863000000','SYYYY-MM-DD HH24:MI:SS.FF9'),null,5);
INSERT INTO "QDATA"."DM_DATA_LAYER_SPECIFICATION"("ID","DATA_LAYER_ID","PREFIX_NAME","BUSINESS_ENG_NAME","OWNER_USER_ID","STATUS","DESCRIPTION","VALID_FLAG","DEL_FLAG","CREATE_BY","CREATOR_ID","CREATE_TIME","UPDATE_BY","UPDATER_ID","UPDATE_TIME","REMARK","序号") VALUES(6,2,'DIM_HYD_STATION','HYD',1,'1','水文站点维度表，包含测站编码、位置、测站类型、监测要素等属性','1','0','吴同',2,TO_DATE('2026-03-27 11:06:46.730962000','SYYYY-MM-DD HH24:MI:SS.FF9'),'吴同',2,TO_DATE('2026-03-27 11:06:46.730965000','SYYYY-MM-DD HH24:MI:SS.FF9'),null,6);
INSERT INTO "QDATA"."DM_DATA_LAYER_SPECIFICATION"("ID","DATA_LAYER_ID","PREFIX_NAME","BUSINESS_ENG_NAME","OWNER_USER_ID","STATUS","DESCRIPTION","VALID_FLAG","DEL_FLAG","CREATE_BY","CREATOR_ID","CREATE_TIME","UPDATE_BY","UPDATER_ID","UPDATE_TIME","REMARK","序号") VALUES(7,2,'DIM_ENG_PROJECT','ENG',1,'1','水利工程项目维度表，工程编码、名称、类型、规模、建设时间等','1','0','吴同',2,TO_DATE('2026-03-27 11:06:46.731007000','SYYYY-MM-DD HH24:MI:SS.FF9'),'吴同',2,TO_DATE('2026-03-27 11:06:46.731009000','SYYYY-MM-DD HH24:MI:SS.FF9'),null,7);
INSERT INTO "QDATA"."DM_DATA_LAYER_SPECIFICATION"("ID","DATA_LAYER_ID","PREFIX_NAME","BUSINESS_ENG_NAME","OWNER_USER_ID","STATUS","DESCRIPTION","VALID_FLAG","DEL_FLAG","CREATE_BY","CREATOR_ID","CREATE_TIME","UPDATE_BY","UPDATER_ID","UPDATE_TIME","REMARK","序号") VALUES(8,2,'DIM_WRM_REGION','WRM',1,'1','水资源管理区划维度表，流域、水系、行政区、水资源分区','1','0','吴同',2,TO_DATE('2026-03-27 11:06:46.731055000','SYYYY-MM-DD HH24:MI:SS.FF9'),'吴同',2,TO_DATE('2026-03-27 11:06:46.731057000','SYYYY-MM-DD HH24:MI:SS.FF9'),null,8);
INSERT INTO "QDATA"."DM_DATA_LAYER_SPECIFICATION"("ID","DATA_LAYER_ID","PREFIX_NAME","BUSINESS_ENG_NAME","OWNER_USER_ID","STATUS","DESCRIPTION","VALID_FLAG","DEL_FLAG","CREATE_BY","CREATOR_ID","CREATE_TIME","UPDATE_BY","UPDATER_ID","UPDATE_TIME","REMARK","序号") VALUES(9,2,'DIM_WQM_INDEX','WQM',1,'1','水质监测指标维度表，指标编码、名称、单位、标准限值、评价方法','1','0','吴同',2,TO_DATE('2026-03-27 11:06:46.731100000','SYYYY-MM-DD HH24:MI:SS.FF9'),'吴同',2,TO_DATE('2026-03-27 11:06:46.731103000','SYYYY-MM-DD HH24:MI:SS.FF9'),null,9);
INSERT INTO "QDATA"."DM_DATA_LAYER_SPECIFICATION"("ID","DATA_LAYER_ID","PREFIX_NAME","BUSINESS_ENG_NAME","OWNER_USER_ID","STATUS","DESCRIPTION","VALID_FLAG","DEL_FLAG","CREATE_BY","CREATOR_ID","CREATE_TIME","UPDATE_BY","UPDATER_ID","UPDATE_TIME","REMARK","序号") VALUES(10,2,'DIM_FCD_EVENT','FCD',1,'1','防汛事件类型维度表，险情类别、灾情等级、应急响应级别定义','1','0','吴同',2,TO_DATE('2026-03-27 11:06:46.731145000','SYYYY-MM-DD HH24:MI:SS.FF9'),'吴同',2,TO_DATE('2026-03-27 11:06:46.731147000','SYYYY-MM-DD HH24:MI:SS.FF9'),null,10);
INSERT INTO "QDATA"."DM_DATA_LAYER_SPECIFICATION"("ID","DATA_LAYER_ID","PREFIX_NAME","BUSINESS_ENG_NAME","OWNER_USER_ID","STATUS","DESCRIPTION","VALID_FLAG","DEL_FLAG","CREATE_BY","CREATOR_ID","CREATE_TIME","UPDATE_BY","UPDATER_ID","UPDATE_TIME","REMARK","序号") VALUES(11,3,'DWD_HYD_REALTIME','HYD',1,'1','实时水情监测明细数据，按时间序列存储水位流量过程数据','1','0','吴同',2,TO_DATE('2026-03-27 11:06:46.731188000','SYYYY-MM-DD HH24:MI:SS.FF9'),'吴同',2,TO_DATE('2026-03-27 11:06:46.731191000','SYYYY-MM-DD HH24:MI:SS.FF9'),null,11);
INSERT INTO "QDATA"."DM_DATA_LAYER_SPECIFICATION"("ID","DATA_LAYER_ID","PREFIX_NAME","BUSINESS_ENG_NAME","OWNER_USER_ID","STATUS","DESCRIPTION","VALID_FLAG","DEL_FLAG","CREATE_BY","CREATOR_ID","CREATE_TIME","UPDATE_BY","UPDATER_ID","UPDATE_TIME","REMARK","序号") VALUES(12,3,'DWD_MET_RAINFALL','MET',1,'1','降雨监测明细数据，时段降雨量、降雨强度、面雨量计算结果','1','0','吴同',2,TO_DATE('2026-03-27 11:06:46.731233000','SYYYY-MM-DD HH24:MI:SS.FF9'),'吴同',2,TO_DATE('2026-03-27 11:06:46.731236000','SYYYY-MM-DD HH24:MI:SS.FF9'),null,12);
INSERT INTO "QDATA"."DM_DATA_LAYER_SPECIFICATION"("ID","DATA_LAYER_ID","PREFIX_NAME","BUSINESS_ENG_NAME","OWNER_USER_ID","STATUS","DESCRIPTION","VALID_FLAG","DEL_FLAG","CREATE_BY","CREATOR_ID","CREATE_TIME","UPDATE_BY","UPDATER_ID","UPDATE_TIME","REMARK","序号") VALUES(13,3,'DWD_ENG_MONITOR','ENG',1,'1','工程安全监测明细，大坝渗流、变形、应力应变及视频监控AI识别','1','0','吴同',2,TO_DATE('2026-03-27 11:06:46.731278000','SYYYY-MM-DD HH24:MI:SS.FF9'),'吴同',2,TO_DATE('2026-03-27 11:06:46.731280000','SYYYY-MM-DD HH24:MI:SS.FF9'),null,13);
INSERT INTO "QDATA"."DM_DATA_LAYER_SPECIFICATION"("ID","DATA_LAYER_ID","PREFIX_NAME","BUSINESS_ENG_NAME","OWNER_USER_ID","STATUS","DESCRIPTION","VALID_FLAG","DEL_FLAG","CREATE_BY","CREATOR_ID","CREATE_TIME","UPDATE_BY","UPDATER_ID","UPDATE_TIME","REMARK","序号") VALUES(14,3,'DWD_WRM_WITHDRAW','WRM',1,'1','取水许可执行明细，取水户、取水工程、许可水量、实时计量数据','1','0','吴同',2,TO_DATE('2026-03-27 11:06:46.731322000','SYYYY-MM-DD HH24:MI:SS.FF9'),'吴同',2,TO_DATE('2026-03-27 11:06:46.731324000','SYYYY-MM-DD HH24:MI:SS.FF9'),null,14);
INSERT INTO "QDATA"."DM_DATA_LAYER_SPECIFICATION"("ID","DATA_LAYER_ID","PREFIX_NAME","BUSINESS_ENG_NAME","OWNER_USER_ID","STATUS","DESCRIPTION","VALID_FLAG","DEL_FLAG","CREATE_BY","CREATOR_ID","CREATE_TIME","UPDATE_BY","UPDATER_ID","UPDATE_TIME","REMARK","序号") VALUES(15,3,'DWD_FCD_DISASTER','FCD',1,'1','洪涝灾害事件明细，受灾人口、受灾面积、经济损失、抢险投入','1','0','吴同',2,TO_DATE('2026-03-27 11:06:46.731366000','SYYYY-MM-DD HH24:MI:SS.FF9'),'吴同',2,TO_DATE('2026-03-27 11:06:46.731368000','SYYYY-MM-DD HH24:MI:SS.FF9'),null,15);
INSERT INTO "QDATA"."DM_DATA_LAYER_SPECIFICATION"("ID","DATA_LAYER_ID","PREFIX_NAME","BUSINESS_ENG_NAME","OWNER_USER_ID","STATUS","DESCRIPTION","VALID_FLAG","DEL_FLAG","CREATE_BY","CREATOR_ID","CREATE_TIME","UPDATE_BY","UPDATER_ID","UPDATE_TIME","REMARK","序号") VALUES(16,4,'DWS_HYD_DAILY','HYD',1,'1','水情日汇总数据，日最高水位、日最大流量、日均流量统计','1','0','吴同',2,TO_DATE('2026-03-27 11:06:46.731411000','SYYYY-MM-DD HH24:MI:SS.FF9'),'吴同',2,TO_DATE('2026-03-27 11:06:46.731414000','SYYYY-MM-DD HH24:MI:SS.FF9'),null,16);
INSERT INTO "QDATA"."DM_DATA_LAYER_SPECIFICATION"("ID","DATA_LAYER_ID","PREFIX_NAME","BUSINESS_ENG_NAME","OWNER_USER_ID","STATUS","DESCRIPTION","VALID_FLAG","DEL_FLAG","CREATE_BY","CREATOR_ID","CREATE_TIME","UPDATE_BY","UPDATER_ID","UPDATE_TIME","REMARK","序号") VALUES(17,4,'DWS_MET_RAIN_STAT','MET',1,'1','降雨统计汇总，日降雨、旬降雨、月降雨、年降雨及历史排位','1','0','吴同',2,TO_DATE('2026-03-27 11:06:46.731456000','SYYYY-MM-DD HH24:MI:SS.FF9'),'吴同',2,TO_DATE('2026-03-27 11:06:46.731458000','SYYYY-MM-DD HH24:MI:SS.FF9'),null,17);
INSERT INTO "QDATA"."DM_DATA_LAYER_SPECIFICATION"("ID","DATA_LAYER_ID","PREFIX_NAME","BUSINESS_ENG_NAME","OWNER_USER_ID","STATUS","DESCRIPTION","VALID_FLAG","DEL_FLAG","CREATE_BY","CREATOR_ID","CREATE_TIME","UPDATE_BY","UPDATER_ID","UPDATE_TIME","REMARK","序号") VALUES(18,4,'DWS_ENG_SAFETY','ENG',1,'1','工程安全评价汇总，病险水库数量、除险加固进度、安全鉴定结果','1','0','吴同',2,TO_DATE('2026-03-27 11:06:46.731500000','SYYYY-MM-DD HH24:MI:SS.FF9'),'吴同',2,TO_DATE('2026-03-27 11:06:46.731502000','SYYYY-MM-DD HH24:MI:SS.FF9'),null,18);
INSERT INTO "QDATA"."DM_DATA_LAYER_SPECIFICATION"("ID","DATA_LAYER_ID","PREFIX_NAME","BUSINESS_ENG_NAME","OWNER_USER_ID","STATUS","DESCRIPTION","VALID_FLAG","DEL_FLAG","CREATE_BY","CREATOR_ID","CREATE_TIME","UPDATE_BY","UPDATER_ID","UPDATE_TIME","REMARK","序号") VALUES(19,4,'DWS_WRM_EFFICIENCY','WRM',1,'1','水资源利用效率汇总，万元GDP用水量、灌溉水有效利用系数','1','0','吴同',2,TO_DATE('2026-03-27 11:06:46.731544000','SYYYY-MM-DD HH24:MI:SS.FF9'),'吴同',2,TO_DATE('2026-03-27 11:06:46.731546000','SYYYY-MM-DD HH24:MI:SS.FF9'),null,19);
INSERT INTO "QDATA"."DM_DATA_LAYER_SPECIFICATION"("ID","DATA_LAYER_ID","PREFIX_NAME","BUSINESS_ENG_NAME","OWNER_USER_ID","STATUS","DESCRIPTION","VALID_FLAG","DEL_FLAG","CREATE_BY","CREATOR_ID","CREATE_TIME","UPDATE_BY","UPDATER_ID","UPDATE_TIME","REMARK","序号") VALUES(20,4,'DWS_FCD_DEFENSE','FCD',1,'1','防汛减灾成效汇总，洪水预报准确率、灾害损失率、人员转移数量','1','0','吴同',2,TO_DATE('2026-03-27 11:06:46.731589000','SYYYY-MM-DD HH24:MI:SS.FF9'),'吴同',2,TO_DATE('2026-03-27 11:06:46.731591000','SYYYY-MM-DD HH24:MI:SS.FF9'),null,20);
INSERT INTO "QDATA"."DM_DATA_LAYER_SPECIFICATION"("ID","DATA_LAYER_ID","PREFIX_NAME","BUSINESS_ENG_NAME","OWNER_USER_ID","STATUS","DESCRIPTION","VALID_FLAG","DEL_FLAG","CREATE_BY","CREATOR_ID","CREATE_TIME","UPDATE_BY","UPDATER_ID","UPDATE_TIME","REMARK","序号") VALUES(21,5,'ADS_HYD_FORECAST','HYD',1,'1','洪水预报应用数据，预报方案、模型参数、预报结果、精度评定','1','0','吴同',2,TO_DATE('2026-03-27 11:06:46.731643000','SYYYY-MM-DD HH24:MI:SS.FF9'),'吴同',2,TO_DATE('2026-03-27 11:06:46.731646000','SYYYY-MM-DD HH24:MI:SS.FF9'),null,21);
INSERT INTO "QDATA"."DM_DATA_LAYER_SPECIFICATION"("ID","DATA_LAYER_ID","PREFIX_NAME","BUSINESS_ENG_NAME","OWNER_USER_ID","STATUS","DESCRIPTION","VALID_FLAG","DEL_FLAG","CREATE_BY","CREATOR_ID","CREATE_TIME","UPDATE_BY","UPDATER_ID","UPDATE_TIME","REMARK","序号") VALUES(22,5,'ADS_ENG_DISPATCH','ENG',1,'1','工程调度应用数据，水库群联合调度方案、防洪兴利优化计算','1','0','吴同',2,TO_DATE('2026-03-27 11:06:46.731690000','SYYYY-MM-DD HH24:MI:SS.FF9'),'吴同',2,TO_DATE('2026-03-27 11:06:46.731693000','SYYYY-MM-DD HH24:MI:SS.FF9'),null,22);
INSERT INTO "QDATA"."DM_DATA_LAYER_SPECIFICATION"("ID","DATA_LAYER_ID","PREFIX_NAME","BUSINESS_ENG_NAME","OWNER_USER_ID","STATUS","DESCRIPTION","VALID_FLAG","DEL_FLAG","CREATE_BY","CREATOR_ID","CREATE_TIME","UPDATE_BY","UPDATER_ID","UPDATE_TIME","REMARK","序号") VALUES(23,5,'ADS_WRM_BALANCE','WRM',1,'1','水资源配置应用，水量平衡分析、供需预测、配置方案模拟','1','0','吴同',2,TO_DATE('2026-03-27 11:06:46.731735000','SYYYY-MM-DD HH24:MI:SS.FF9'),'吴同',2,TO_DATE('2026-03-27 11:06:46.731738000','SYYYY-MM-DD HH24:MI:SS.FF9'),null,23);
INSERT INTO "QDATA"."DM_DATA_LAYER_SPECIFICATION"("ID","DATA_LAYER_ID","PREFIX_NAME","BUSINESS_ENG_NAME","OWNER_USER_ID","STATUS","DESCRIPTION","VALID_FLAG","DEL_FLAG","CREATE_BY","CREATOR_ID","CREATE_TIME","UPDATE_BY","UPDATER_ID","UPDATE_TIME","REMARK","序号") VALUES(24,5,'ADS_WQM_ASSESS','WQM',1,'1','水质评价应用数据，水功能区达标评价、水源地安全评估报告','1','0','吴同',2,TO_DATE('2026-03-27 11:06:46.731780000','SYYYY-MM-DD HH24:MI:SS.FF9'),'吴同',2,TO_DATE('2026-03-27 11:06:46.731782000','SYYYY-MM-DD HH24:MI:SS.FF9'),null,24);
INSERT INTO "QDATA"."DM_DATA_LAYER_SPECIFICATION"("ID","DATA_LAYER_ID","PREFIX_NAME","BUSINESS_ENG_NAME","OWNER_USER_ID","STATUS","DESCRIPTION","VALID_FLAG","DEL_FLAG","CREATE_BY","CREATOR_ID","CREATE_TIME","UPDATE_BY","UPDATER_ID","UPDATE_TIME","REMARK","序号") VALUES(25,5,'ADS_FCD_COMMAND','FCD',1,'1','防汛指挥应用数据，实时汛情一张图、调度指令、应急响应联动','1','0','吴同',2,TO_DATE('2026-03-27 11:06:46.731825000','SYYYY-MM-DD HH24:MI:SS.FF9'),'吴同',2,TO_DATE('2026-03-27 11:06:46.731827000','SYYYY-MM-DD HH24:MI:SS.FF9'),null,25);

SET IDENTITY_INSERT "QDATA"."DM_DATA_LAYER_SPECIFICATION" OFF;
SET IDENTITY_INSERT "QDATA"."DM_THEME_DOMAIN" ON;
INSERT INTO "QDATA"."DM_THEME_DOMAIN"("ID","CODE","NAME","ENG_NAME","PARENT_ID","OWNER_USER_ID","DATA_LAYER_ID","DESCRIPTION","VALID_FLAG","DEL_FLAG","CREATE_BY","CREATOR_ID","CREATE_TIME","UPDATE_BY","UPDATER_ID","UPDATE_TIME","REMARK") VALUES(1,'A01','水文气象域','HYD_MET',0,2,1,'水文监测与气象降雨基础数据加工','0','0','吴同',2,TO_DATE('2026-03-27 10:51:05.434835000','SYYYY-MM-DD HH24:MI:SS.FF9'),'吴同',2,TO_DATE('2026-03-27 11:08:26.057000000','SYYYY-MM-DD HH24:MI:SS.FF9'),null);
INSERT INTO "QDATA"."DM_THEME_DOMAIN"("ID","CODE","NAME","ENG_NAME","PARENT_ID","OWNER_USER_ID","DATA_LAYER_ID","DESCRIPTION","VALID_FLAG","DEL_FLAG","CREATE_BY","CREATOR_ID","CREATE_TIME","UPDATE_BY","UPDATER_ID","UPDATE_TIME","REMARK") VALUES(2,'A02','水利工程域','ENG_ODL',0,2,1,'水库堤防闸泵工程数据标准化','1','0','吴同',2,TO_DATE('2026-03-27 10:51:05.434977000','SYYYY-MM-DD HH24:MI:SS.FF9'),'吴同',2,TO_DATE('2026-03-27 10:51:05.434980000','SYYYY-MM-DD HH24:MI:SS.FF9'),null);
INSERT INTO "QDATA"."DM_THEME_DOMAIN"("ID","CODE","NAME","ENG_NAME","PARENT_ID","OWNER_USER_ID","DATA_LAYER_ID","DESCRIPTION","VALID_FLAG","DEL_FLAG","CREATE_BY","CREATOR_ID","CREATE_TIME","UPDATE_BY","UPDATER_ID","UPDATE_TIME","REMARK") VALUES(3,'A03','水资源域','WRM_ODL',0,2,1,'取水用水节水业务数据整合','1','0','吴同',2,TO_DATE('2026-03-27 10:51:05.435029000','SYYYY-MM-DD HH24:MI:SS.FF9'),'吴同',2,TO_DATE('2026-03-27 10:51:05.435031000','SYYYY-MM-DD HH24:MI:SS.FF9'),null);
INSERT INTO "QDATA"."DM_THEME_DOMAIN"("ID","CODE","NAME","ENG_NAME","PARENT_ID","OWNER_USER_ID","DATA_LAYER_ID","DESCRIPTION","VALID_FLAG","DEL_FLAG","CREATE_BY","CREATOR_ID","CREATE_TIME","UPDATE_BY","UPDATER_ID","UPDATE_TIME","REMARK") VALUES(4,'A04','水环境域','WQM_DIM',0,2,2,'水质监测站点与指标维度定义','1','0','吴同',2,TO_DATE('2026-03-27 10:51:05.435074000','SYYYY-MM-DD HH24:MI:SS.FF9'),'吴同',2,TO_DATE('2026-03-27 10:51:05.435076000','SYYYY-MM-DD HH24:MI:SS.FF9'),null);
INSERT INTO "QDATA"."DM_THEME_DOMAIN"("ID","CODE","NAME","ENG_NAME","PARENT_ID","OWNER_USER_ID","DATA_LAYER_ID","DESCRIPTION","VALID_FLAG","DEL_FLAG","CREATE_BY","CREATOR_ID","CREATE_TIME","UPDATE_BY","UPDATER_ID","UPDATE_TIME","REMARK") VALUES(5,'A05','防汛减灾域','FCD_DWD',0,2,3,'汛情险情灾情事件明细数据','1','0','吴同',2,TO_DATE('2026-03-27 10:51:05.435117000','SYYYY-MM-DD HH24:MI:SS.FF9'),'吴同',2,TO_DATE('2026-03-27 10:51:05.435120000','SYYYY-MM-DD HH24:MI:SS.FF9'),null);
INSERT INTO "QDATA"."DM_THEME_DOMAIN"("ID","CODE","NAME","ENG_NAME","PARENT_ID","OWNER_USER_ID","DATA_LAYER_ID","DESCRIPTION","VALID_FLAG","DEL_FLAG","CREATE_BY","CREATOR_ID","CREATE_TIME","UPDATE_BY","UPDATER_ID","UPDATE_TIME","REMARK") VALUES(6,'A01A01','实时雨情监测','RAI_ODL',1,2,1,'降雨量、降雨强度、面雨量计算数据','0','0','吴同',2,TO_DATE('2026-03-27 10:51:05.435160000','SYYYY-MM-DD HH24:MI:SS.FF9'),'吴同',2,TO_DATE('2026-03-27 10:51:05.435163000','SYYYY-MM-DD HH24:MI:SS.FF9'),null);
INSERT INTO "QDATA"."DM_THEME_DOMAIN"("ID","CODE","NAME","ENG_NAME","PARENT_ID","OWNER_USER_ID","DATA_LAYER_ID","DESCRIPTION","VALID_FLAG","DEL_FLAG","CREATE_BY","CREATOR_ID","CREATE_TIME","UPDATE_BY","UPDATER_ID","UPDATE_TIME","REMARK") VALUES(7,'A01A02','实时水情监测','HYD_ODL',1,2,1,'水位、流量、流速、含沙量监测数据','0','0','吴同',2,TO_DATE('2026-03-27 10:51:05.435203000','SYYYY-MM-DD HH24:MI:SS.FF9'),'吴同',2,TO_DATE('2026-03-27 10:51:05.435206000','SYYYY-MM-DD HH24:MI:SS.FF9'),null);
INSERT INTO "QDATA"."DM_THEME_DOMAIN"("ID","CODE","NAME","ENG_NAME","PARENT_ID","OWNER_USER_ID","DATA_LAYER_ID","DESCRIPTION","VALID_FLAG","DEL_FLAG","CREATE_BY","CREATOR_ID","CREATE_TIME","UPDATE_BY","UPDATER_ID","UPDATE_TIME","REMARK") VALUES(8,'A01A03','洪水预报输入','FFC_INP',1,2,3,'预报模型输入数据，包括降雨预报、边界条件、初始场','0','0','吴同',2,TO_DATE('2026-03-27 10:51:05.435247000','SYYYY-MM-DD HH24:MI:SS.FF9'),'吴同',2,TO_DATE('2026-03-27 10:51:05.435250000','SYYYY-MM-DD HH24:MI:SS.FF9'),null);
INSERT INTO "QDATA"."DM_THEME_DOMAIN"("ID","CODE","NAME","ENG_NAME","PARENT_ID","OWNER_USER_ID","DATA_LAYER_ID","DESCRIPTION","VALID_FLAG","DEL_FLAG","CREATE_BY","CREATOR_ID","CREATE_TIME","UPDATE_BY","UPDATER_ID","UPDATE_TIME","REMARK") VALUES(9,'A02A01','水库大坝安全','RES_DWD',2,2,3,'水库水位、渗流、变形、应力应变监测明细','1','0','吴同',2,TO_DATE('2026-03-27 10:51:05.435291000','SYYYY-MM-DD HH24:MI:SS.FF9'),'吴同',2,TO_DATE('2026-03-27 10:51:05.435293000','SYYYY-MM-DD HH24:MI:SS.FF9'),null);
INSERT INTO "QDATA"."DM_THEME_DOMAIN"("ID","CODE","NAME","ENG_NAME","PARENT_ID","OWNER_USER_ID","DATA_LAYER_ID","DESCRIPTION","VALID_FLAG","DEL_FLAG","CREATE_BY","CREATOR_ID","CREATE_TIME","UPDATE_BY","UPDATER_ID","UPDATE_TIME","REMARK") VALUES(10,'A02A02','堤防闸泵工程','DYK_DWD',2,2,3,'堤防断面、险工险段、穿堤建筑物、泵站运行数据','1','0','吴同',2,TO_DATE('2026-03-27 10:51:05.435334000','SYYYY-MM-DD HH24:MI:SS.FF9'),'吴同',2,TO_DATE('2026-03-27 10:51:05.435336000','SYYYY-MM-DD HH24:MI:SS.FF9'),null);
INSERT INTO "QDATA"."DM_THEME_DOMAIN"("ID","CODE","NAME","ENG_NAME","PARENT_ID","OWNER_USER_ID","DATA_LAYER_ID","DESCRIPTION","VALID_FLAG","DEL_FLAG","CREATE_BY","CREATOR_ID","CREATE_TIME","UPDATE_BY","UPDATER_ID","UPDATE_TIME","REMARK") VALUES(11,'A02A03','工程安全鉴定','SAF_DWS',2,2,4,'大坝安全鉴定、堤防安全评价、闸泵站安全认定汇总','1','0','吴同',2,TO_DATE('2026-03-27 10:51:05.435377000','SYYYY-MM-DD HH24:MI:SS.FF9'),'吴同',2,TO_DATE('2026-03-27 10:51:05.435379000','SYYYY-MM-DD HH24:MI:SS.FF9'),null);
INSERT INTO "QDATA"."DM_THEME_DOMAIN"("ID","CODE","NAME","ENG_NAME","PARENT_ID","OWNER_USER_ID","DATA_LAYER_ID","DESCRIPTION","VALID_FLAG","DEL_FLAG","CREATE_BY","CREATOR_ID","CREATE_TIME","UPDATE_BY","UPDATER_ID","UPDATE_TIME","REMARK") VALUES(12,'A03A01','取水许可管理','WLP_DWD',3,2,3,'取水许可证、取水工程、取水计量、取水计划明细','1','0','吴同',2,TO_DATE('2026-03-27 10:51:05.435419000','SYYYY-MM-DD HH24:MI:SS.FF9'),'吴同',2,TO_DATE('2026-03-27 10:51:05.435422000','SYYYY-MM-DD HH24:MI:SS.FF9'),null);
INSERT INTO "QDATA"."DM_THEME_DOMAIN"("ID","CODE","NAME","ENG_NAME","PARENT_ID","OWNER_USER_ID","DATA_LAYER_ID","DESCRIPTION","VALID_FLAG","DEL_FLAG","CREATE_BY","CREATOR_ID","CREATE_TIME","UPDATE_BY","UPDATER_ID","UPDATE_TIME","REMARK") VALUES(13,'A03A02','用水统计核算','WUS_DWS',3,2,4,'工业农业生活生态用水量、用水效率、节水指标汇总','1','0','吴同',2,TO_DATE('2026-03-27 10:51:05.435462000','SYYYY-MM-DD HH24:MI:SS.FF9'),'吴同',2,TO_DATE('2026-03-27 10:51:05.435464000','SYYYY-MM-DD HH24:MI:SS.FF9'),null);
INSERT INTO "QDATA"."DM_THEME_DOMAIN"("ID","CODE","NAME","ENG_NAME","PARENT_ID","OWNER_USER_ID","DATA_LAYER_ID","DESCRIPTION","VALID_FLAG","DEL_FLAG","CREATE_BY","CREATOR_ID","CREATE_TIME","UPDATE_BY","UPDATER_ID","UPDATE_TIME","REMARK") VALUES(14,'A03A03','水权交易流转','WRT_APP',3,2,5,'水权确权登记、交易撮合、交易结算、监管预警','1','0','吴同',2,TO_DATE('2026-03-27 10:51:05.435504000','SYYYY-MM-DD HH24:MI:SS.FF9'),'吴同',2,TO_DATE('2026-03-27 10:51:05.435506000','SYYYY-MM-DD HH24:MI:SS.FF9'),null);
INSERT INTO "QDATA"."DM_THEME_DOMAIN"("ID","CODE","NAME","ENG_NAME","PARENT_ID","OWNER_USER_ID","DATA_LAYER_ID","DESCRIPTION","VALID_FLAG","DEL_FLAG","CREATE_BY","CREATOR_ID","CREATE_TIME","UPDATE_BY","UPDATER_ID","UPDATE_TIME","REMARK") VALUES(15,'A04A01','水源地水质','WSW_DWS',4,2,4,'饮用水水源地水质达标率、富营养化指数汇总','1','0','吴同',2,TO_DATE('2026-03-27 10:51:05.435550000','SYYYY-MM-DD HH24:MI:SS.FF9'),'吴同',2,TO_DATE('2026-03-27 10:51:05.435552000','SYYYY-MM-DD HH24:MI:SS.FF9'),null);
INSERT INTO "QDATA"."DM_THEME_DOMAIN"("ID","CODE","NAME","ENG_NAME","PARENT_ID","OWNER_USER_ID","DATA_LAYER_ID","DESCRIPTION","VALID_FLAG","DEL_FLAG","CREATE_BY","CREATOR_ID","CREATE_TIME","UPDATE_BY","UPDATER_ID","UPDATE_TIME","REMARK") VALUES(16,'A04A02','河湖断面监测','SEC_DWD',4,2,3,'国考省考断面水质监测数据，COD、氨氮、总磷等指标','1','0','吴同',2,TO_DATE('2026-03-27 10:51:05.435593000','SYYYY-MM-DD HH24:MI:SS.FF9'),'吴同',2,TO_DATE('2026-03-27 10:51:05.435595000','SYYYY-MM-DD HH24:MI:SS.FF9'),null);
INSERT INTO "QDATA"."DM_THEME_DOMAIN"("ID","CODE","NAME","ENG_NAME","PARENT_ID","OWNER_USER_ID","DATA_LAYER_ID","DESCRIPTION","VALID_FLAG","DEL_FLAG","CREATE_BY","CREATOR_ID","CREATE_TIME","UPDATE_BY","UPDATER_ID","UPDATE_TIME","REMARK") VALUES(17,'A04A03','水生态评估','WEA_APP',4,2,5,'河湖生态流量、水生态健康评价、生物多样性指数','1','0','吴同',2,TO_DATE('2026-03-27 10:51:05.435646000','SYYYY-MM-DD HH24:MI:SS.FF9'),'吴同',2,TO_DATE('2026-03-27 10:51:05.435648000','SYYYY-MM-DD HH24:MI:SS.FF9'),null);
INSERT INTO "QDATA"."DM_THEME_DOMAIN"("ID","CODE","NAME","ENG_NAME","PARENT_ID","OWNER_USER_ID","DATA_LAYER_ID","DESCRIPTION","VALID_FLAG","DEL_FLAG","CREATE_BY","CREATOR_ID","CREATE_TIME","UPDATE_BY","UPDATER_ID","UPDATE_TIME","REMARK") VALUES(18,'A05A01','洪水预报调度','FFC_APP',5,2,5,'洪水预报结果、调度方案、风险预警应用数据','1','0','吴同',2,TO_DATE('2026-03-27 10:51:05.435692000','SYYYY-MM-DD HH24:MI:SS.FF9'),'吴同',2,TO_DATE('2026-03-27 10:51:05.435694000','SYYYY-MM-DD HH24:MI:SS.FF9'),null);
INSERT INTO "QDATA"."DM_THEME_DOMAIN"("ID","CODE","NAME","ENG_NAME","PARENT_ID","OWNER_USER_ID","DATA_LAYER_ID","DESCRIPTION","VALID_FLAG","DEL_FLAG","CREATE_BY","CREATOR_ID","CREATE_TIME","UPDATE_BY","UPDATER_ID","UPDATE_TIME","REMARK") VALUES(19,'A05A02','险情灾情管理','DIS_DWD',5,2,3,'险情上报、灾情统计、物资调配、抢险队伍调度','1','0','吴同',2,TO_DATE('2026-03-27 10:51:05.435735000','SYYYY-MM-DD HH24:MI:SS.FF9'),'吴同',2,TO_DATE('2026-03-27 10:51:05.435737000','SYYYY-MM-DD HH24:MI:SS.FF9'),null);
INSERT INTO "QDATA"."DM_THEME_DOMAIN"("ID","CODE","NAME","ENG_NAME","PARENT_ID","OWNER_USER_ID","DATA_LAYER_ID","DESCRIPTION","VALID_FLAG","DEL_FLAG","CREATE_BY","CREATOR_ID","CREATE_TIME","UPDATE_BY","UPDATER_ID","UPDATE_TIME","REMARK") VALUES(20,'A05A03','山洪灾害预警','MFL_APP',5,2,5,'山洪危险区、预警指标、实时预警、人员转移','1','0','吴同',2,TO_DATE('2026-03-27 10:51:05.435778000','SYYYY-MM-DD HH24:MI:SS.FF9'),'吴同',2,TO_DATE('2026-03-27 10:51:05.435780000','SYYYY-MM-DD HH24:MI:SS.FF9'),null);

SET IDENTITY_INSERT "QDATA"."DM_THEME_DOMAIN" OFF;

SET IDENTITY_INSERT "QDATA"."SYSTEM_DICT_TYPE" ON;
INSERT INTO "QDATA"."SYSTEM_DICT_TYPE."
(DICT_ID, DICT_NAME, DICT_TYPE, STATUS, CREATE_BY, CREATE_TIME, UPDATE_BY, UPDATE_TIME, REMARK)
VALUES(109, '数仓分层-规范管理状态', 'dm_data_layer_specification_status', '0', NULL, NULL, NULL, NULL, NULL);
INSERT INTO "QDATA"."SYSTEM_DICT_TYPE."
(DICT_ID, DICT_NAME, DICT_TYPE, STATUS, CREATE_BY, CREATE_TIME, UPDATE_BY, UPDATE_TIME, REMARK)
VALUES(108, '数仓-分类', 'dm_data_layer_category', '0', NULL, NULL, NULL, NULL, NULL);

SET IDENTITY_INSERT "QDATA"."SYSTEM_DICT_TYPE" OFF;

SET IDENTITY_INSERT "QDATA"."SYSTEM_DICT_DATA" ON;

INSERT INTO "QDATA"."SYSTEM_DICT_DATA"
(DICT_CODE, DICT_SORT, DICT_LABEL, DICT_VALUE, DICT_TYPE, CSS_CLASS, LIST_CLASS, IS_DEFAULT, STATUS, CREATE_BY, CREATE_TIME, UPDATE_BY, UPDATE_TIME, REMARK)
VALUES(418, 0, '开启', '1', 'dm_data_layer_specification_status', NULL, NULL, 'N', '0', NULL, NULL, NULL, NULL, NULL);
INSERT INTO "QDATA"."SYSTEM_DICT_DATA"
(DICT_CODE, DICT_SORT, DICT_LABEL, DICT_VALUE, DICT_TYPE, CSS_CLASS, LIST_CLASS, IS_DEFAULT, STATUS, CREATE_BY, CREATE_TIME, UPDATE_BY, UPDATE_TIME, REMARK)
VALUES(417, 0, '关闭', '0', 'dm_data_layer_specification_status', NULL, NULL, 'N', '0', NULL, NULL, NULL, NULL, NULL);
INSERT INTO "QDATA"."SYSTEM_DICT_DATA"
(DICT_CODE, DICT_SORT, DICT_LABEL, DICT_VALUE, DICT_TYPE, CSS_CLASS, LIST_CLASS, IS_DEFAULT, STATUS, CREATE_BY, CREATE_TIME, UPDATE_BY, UPDATE_TIME, REMARK)
VALUES(416, 3, '应用层', '3', 'dm_data_layer_category', NULL, NULL, 'N', '0', NULL, NULL, 'admin', '2026-03-26 11:04:41.000', NULL);
INSERT INTO "QDATA"."SYSTEM_DICT_DATA"
(DICT_CODE, DICT_SORT, DICT_LABEL, DICT_VALUE, DICT_TYPE, CSS_CLASS, LIST_CLASS, IS_DEFAULT, STATUS, CREATE_BY, CREATE_TIME, UPDATE_BY, UPDATE_TIME, REMARK)
VALUES(415, 2, '公共层', '2', 'dm_data_layer_category', NULL, NULL, 'N', '0', NULL, NULL, 'admin', '2026-03-26 11:04:38.000', NULL);
INSERT INTO "QDATA"."SYSTEM_DICT_DATA"
(DICT_CODE, DICT_SORT, DICT_LABEL, DICT_VALUE, DICT_TYPE, CSS_CLASS, LIST_CLASS, IS_DEFAULT, STATUS, CREATE_BY, CREATE_TIME, UPDATE_BY, UPDATE_TIME, REMARK)
VALUES(414, 1, '贴源层', '1', 'dm_data_layer_category', NULL, NULL, 'N', '0', NULL, NULL, 'admin', '2026-03-26 11:04:38.000', NULL);

SET IDENTITY_INSERT "QDATA"."SYSTEM_DICT_DATA" OFF;


-- 删除 数据标准
DELETE FROM "QDATA"."SYSTEM_MENU" WHERE MENU_ID=2306;

-- 修改菜单
UPDATE "QDATA"."SYSTEM_MENU"
SET MENU_NAME='团体标准', PARENT_ID=2674, ORDER_NUM=0, "PATH"='group', COMPONENT='dp/document/group/index', QUERY=NULL, IS_FRAME=1, IS_CACHE=0, ROUTE_NAME=NULL, MENU_TYPE='C', VISIBLE='0', STATUS='0', PERMS='dp:document:group:list', ICON='#', CREATE_BY='admin', CREATE_TIME='2025-09-30 10:08:52.000', UPDATE_BY=NULL, UPDATE_TIME=NULL, REMARK=NULL
WHERE MENU_ID=2679;
UPDATE "QDATA"."SYSTEM_MENU"
SET MENU_NAME='地方标准', PARENT_ID=2674, ORDER_NUM=0, "PATH"='provincial', COMPONENT='dp/document/provincial/index', QUERY=NULL, IS_FRAME=1, IS_CACHE=0, ROUTE_NAME=NULL, MENU_TYPE='C', VISIBLE='0', STATUS='0', PERMS='dp:document:provincial:list', ICON='#', CREATE_BY='admin', CREATE_TIME='2025-09-30 10:08:31.000', UPDATE_BY=NULL, UPDATE_TIME=NULL, REMARK=NULL
WHERE MENU_ID=2678;
UPDATE "QDATA"."SYSTEM_MENU"
SET MENU_NAME='行业标准', PARENT_ID=2674, ORDER_NUM=0, "PATH"='industry', COMPONENT='dp/document/industry/index', QUERY=NULL, IS_FRAME=1, IS_CACHE=0, ROUTE_NAME=NULL, MENU_TYPE='C', VISIBLE='0', STATUS='0', PERMS='dp:document:industry:list', ICON='#', CREATE_BY='admin', CREATE_TIME='2025-09-30 10:06:52.000', UPDATE_BY=NULL, UPDATE_TIME=NULL, REMARK=NULL
WHERE MENU_ID=2677;
UPDATE "QDATA"."SYSTEM_MENU"
SET MENU_NAME='国家标准', PARENT_ID=2674, ORDER_NUM=0, "PATH"='national', COMPONENT='dp/document/national/index', QUERY=NULL, IS_FRAME=1, IS_CACHE=0, ROUTE_NAME=NULL, MENU_TYPE='C', VISIBLE='0', STATUS='0', PERMS='dp:document:national:list', ICON='#', CREATE_BY='admin', CREATE_TIME='2025-09-30 10:06:21.000', UPDATE_BY=NULL, UPDATE_TIME=NULL, REMARK=NULL
WHERE MENU_ID=2676;
UPDATE "QDATA"."SYSTEM_MENU"
SET MENU_NAME='标准检索', PARENT_ID=2674, ORDER_NUM=0, "PATH"='search', COMPONENT='dp/document/search/index', QUERY=NULL, IS_FRAME=1, IS_CACHE=0, ROUTE_NAME=NULL, MENU_TYPE='C', VISIBLE='0', STATUS='0', PERMS='dp:document:search:list', ICON='#', CREATE_BY='admin', CREATE_TIME='2025-09-30 10:05:58.000', UPDATE_BY=NULL, UPDATE_TIME=NULL, REMARK=NULL
WHERE MENU_ID=2675;
UPDATE "QDATA"."SYSTEM_MENU"
SET MENU_NAME='标准登记', PARENT_ID=2694, ORDER_NUM=0, "PATH"='document', COMPONENT=NULL, QUERY=NULL, IS_FRAME=1, IS_CACHE=0, ROUTE_NAME=NULL, MENU_TYPE='M', VISIBLE='0', STATUS='0', PERMS=NULL, ICON='article-line', CREATE_BY='admin', CREATE_TIME='2025-09-30 10:00:05.000', UPDATE_BY='admin', UPDATE_TIME='2026-03-27 09:31:36.000', REMARK=NULL
WHERE MENU_ID=2674;
UPDATE "QDATA"."SYSTEM_MENU"
SET MENU_NAME='标准数据元', PARENT_ID=2694, ORDER_NUM=9, "PATH"='dataElem', COMPONENT='dp/dataElem/index', QUERY=NULL, IS_FRAME=1, IS_CACHE=0, ROUTE_NAME=NULL, MENU_TYPE='C', VISIBLE='0', STATUS='0', PERMS='dp:dataElem:list', ICON='hard-drive-3-line', CREATE_BY='qData', CREATE_TIME='2025-01-21 14:53:06.000', UPDATE_BY='admin', UPDATE_TIME='2026-03-27 16:52:05.000', REMARK='数据元菜单'
WHERE MENU_ID=2315;
UPDATE "QDATA"."SYSTEM_MENU"
SET MENU_NAME='创建模型', PARENT_ID=2730, ORDER_NUM=1, "PATH"='create', COMPONENT='dp/model/index', QUERY=NULL, IS_FRAME=1, IS_CACHE=0, ROUTE_NAME=NULL, MENU_TYPE='C', VISIBLE='0', STATUS='0', PERMS='dp:model:list', ICON=NULL, CREATE_BY='qData', CREATE_TIME='2025-01-21 11:03:26.000', UPDATE_BY='admin', UPDATE_TIME='2026-03-27 16:56:53.000', REMARK='逻辑模型菜单'
WHERE MENU_ID=2307;


SET IDENTITY_INSERT "QDATA"."SYSTEM_MENU" ON;
INSERT INTO "QDATA"."SYSTEM_MENU"
(MENU_ID, MENU_NAME, PARENT_ID, ORDER_NUM, "PATH", COMPONENT, QUERY, IS_FRAME, IS_CACHE, ROUTE_NAME, MENU_TYPE, VISIBLE, STATUS, PERMS, ICON, CREATE_BY, CREATE_TIME, UPDATE_BY, UPDATE_TIME, REMARK)
VALUES(2731, '发布模型', 2730, 2, 'release', 'sys/developing/index', NULL, 1, 0, NULL, 'C', '0', '0', NULL, '#', 'admin', '2026-03-27 16:56:42.000', 'admin', '2026-03-27 16:57:10.000', NULL);
INSERT INTO "QDATA"."SYSTEM_MENU"
(MENU_ID, MENU_NAME, PARENT_ID, ORDER_NUM, "PATH", COMPONENT, QUERY, IS_FRAME, IS_CACHE, ROUTE_NAME, MENU_TYPE, VISIBLE, STATUS, PERMS, ICON, CREATE_BY, CREATE_TIME, UPDATE_BY, UPDATE_TIME, REMARK)
VALUES(2730, '模型管理', 2694, 5, 'model', NULL, NULL, 1, 0, NULL, 'M', '0', '0', NULL, 'instance-line', 'admin', '2026-03-27 16:54:27.000', 'admin', '2026-03-27 16:58:13.000', NULL);
INSERT INTO "QDATA"."SYSTEM_MENU"
(MENU_ID, MENU_NAME, PARENT_ID, ORDER_NUM, "PATH", COMPONENT, QUERY, IS_FRAME, IS_CACHE, ROUTE_NAME, MENU_TYPE, VISIBLE, STATUS, PERMS, ICON, CREATE_BY, CREATE_TIME, UPDATE_BY, UPDATE_TIME, REMARK)
VALUES(2729, '元数据比对', 2724, 5, 'comparison', 'sys/developing/index', NULL, 1, 0, NULL, 'C', '0', '0', NULL, '#', 'admin', '2026-03-25 17:45:35.000', 'admin', '2026-03-25 17:45:49.000', NULL);
INSERT INTO "QDATA"."SYSTEM_MENU"
(MENU_ID, MENU_NAME, PARENT_ID, ORDER_NUM, "PATH", COMPONENT, QUERY, IS_FRAME, IS_CACHE, ROUTE_NAME, MENU_TYPE, VISIBLE, STATUS, PERMS, ICON, CREATE_BY, CREATE_TIME, UPDATE_BY, UPDATE_TIME, REMARK)
VALUES(2728, '定版元数据', 2724, 4, 'fvMeta', 'sys/developing/index', NULL, 1, 0, NULL, 'C', '0', '0', NULL, '#', 'admin', '2026-03-25 17:45:07.000', 'admin', '2026-03-25 17:46:59.000', NULL);
INSERT INTO "QDATA"."SYSTEM_MENU"
(MENU_ID, MENU_NAME, PARENT_ID, ORDER_NUM, "PATH", COMPONENT, QUERY, IS_FRAME, IS_CACHE, ROUTE_NAME, MENU_TYPE, VISIBLE, STATUS, PERMS, ICON, CREATE_BY, CREATE_TIME, UPDATE_BY, UPDATE_TIME, REMARK)
VALUES(2727, '最新元数据', 2724, 3, 'newMeta', 'sys/developing/index', NULL, 1, 0, NULL, 'C', '0', '0', NULL, '#', 'admin', '2026-03-25 17:44:52.000', 'admin', '2026-03-25 17:46:32.000', NULL);
INSERT INTO "QDATA"."SYSTEM_MENU"
(MENU_ID, MENU_NAME, PARENT_ID, ORDER_NUM, "PATH", COMPONENT, QUERY, IS_FRAME, IS_CACHE, ROUTE_NAME, MENU_TYPE, VISIBLE, STATUS, PERMS, ICON, CREATE_BY, CREATE_TIME, UPDATE_BY, UPDATE_TIME, REMARK)
VALUES(2726, '元数据采集实例', 2724, 2, 'instance', 'sys/developing/index', NULL, 1, 0, NULL, 'C', '0', '0', NULL, '#', 'admin', '2026-03-25 17:44:36.000', NULL, NULL, NULL);
INSERT INTO "QDATA"."SYSTEM_MENU"
(MENU_ID, MENU_NAME, PARENT_ID, ORDER_NUM, "PATH", COMPONENT, QUERY, IS_FRAME, IS_CACHE, ROUTE_NAME, MENU_TYPE, VISIBLE, STATUS, PERMS, ICON, CREATE_BY, CREATE_TIME, UPDATE_BY, UPDATE_TIME, REMARK)
VALUES(2725, '元数据采集', 2724, 1, 'mc', 'sys/developing/index', NULL, 1, 0, NULL, 'C', '0', '0', NULL, '#', 'admin', '2026-03-25 17:43:26.000', 'admin', '2026-03-25 17:43:43.000', NULL);
INSERT INTO "QDATA"."SYSTEM_MENU"
(MENU_ID, MENU_NAME, PARENT_ID, ORDER_NUM, "PATH", COMPONENT, QUERY, IS_FRAME, IS_CACHE, ROUTE_NAME, MENU_TYPE, VISIBLE, STATUS, PERMS, ICON, CREATE_BY, CREATE_TIME, UPDATE_BY, UPDATE_TIME, REMARK)
VALUES(2724, '元数据管理', 2723, 1, 'meta', NULL, NULL, 1, 0, NULL, 'M', '0', '0', NULL, 'ysjgl', 'admin', '2026-03-25 17:42:50.000', 'admin', '2026-03-27 16:10:44.000', NULL);
INSERT INTO "QDATA"."SYSTEM_MENU"
(MENU_ID, MENU_NAME, PARENT_ID, ORDER_NUM, "PATH", COMPONENT, QUERY, IS_FRAME, IS_CACHE, ROUTE_NAME, MENU_TYPE, VISIBLE, STATUS, PERMS, ICON, CREATE_BY, CREATE_TIME, UPDATE_BY, UPDATE_TIME, REMARK)
VALUES(2723, '数据治理', 0, 5, 'dg', NULL, NULL, 1, 0, NULL, 'M', '0', '0', NULL, 'sjzl', 'admin', '2026-03-25 17:42:27.000', 'admin', '2026-03-27 16:08:33.000', NULL);
INSERT INTO "QDATA"."SYSTEM_MENU"
(MENU_ID, MENU_NAME, PARENT_ID, ORDER_NUM, "PATH", COMPONENT, QUERY, IS_FRAME, IS_CACHE, ROUTE_NAME, MENU_TYPE, VISIBLE, STATUS, PERMS, ICON, CREATE_BY, CREATE_TIME, UPDATE_BY, UPDATE_TIME, REMARK)
VALUES(2722, '主题域管理导入', 2716, 6, '#', NULL, NULL, 1, 0, NULL, 'F', '0', '0', 'dm:themeDomain:import', '#', 'admin', '2026-03-24 14:53:02.000', NULL, NULL, NULL);
INSERT INTO "QDATA"."SYSTEM_MENU"
(MENU_ID, MENU_NAME, PARENT_ID, ORDER_NUM, "PATH", COMPONENT, QUERY, IS_FRAME, IS_CACHE, ROUTE_NAME, MENU_TYPE, VISIBLE, STATUS, PERMS, ICON, CREATE_BY, CREATE_TIME, UPDATE_BY, UPDATE_TIME, REMARK)
VALUES(2721, '主题域管理导出', 2716, 5, '#', NULL, NULL, 1, 0, NULL, 'F', '0', '0', 'dm:themeDomain:export', '#', 'admin', '2026-03-24 14:53:02.000', NULL, NULL, NULL);
INSERT INTO "QDATA"."SYSTEM_MENU"
(MENU_ID, MENU_NAME, PARENT_ID, ORDER_NUM, "PATH", COMPONENT, QUERY, IS_FRAME, IS_CACHE, ROUTE_NAME, MENU_TYPE, VISIBLE, STATUS, PERMS, ICON, CREATE_BY, CREATE_TIME, UPDATE_BY, UPDATE_TIME, REMARK)
VALUES(2720, '主题域管理删除', 2716, 4, '#', NULL, NULL, 1, 0, NULL, 'F', '0', '0', 'dm:themeDomain:remove', '#', 'admin', '2026-03-24 14:53:02.000', NULL, NULL, NULL);
INSERT INTO "QDATA"."SYSTEM_MENU"
(MENU_ID, MENU_NAME, PARENT_ID, ORDER_NUM, "PATH", COMPONENT, QUERY, IS_FRAME, IS_CACHE, ROUTE_NAME, MENU_TYPE, VISIBLE, STATUS, PERMS, ICON, CREATE_BY, CREATE_TIME, UPDATE_BY, UPDATE_TIME, REMARK)
VALUES(2719, '主题域管理修改', 2716, 3, '#', NULL, NULL, 1, 0, NULL, 'F', '0', '0', 'dm:themeDomain:edit', '#', 'admin', '2026-03-24 14:53:02.000', NULL, NULL, NULL);
INSERT INTO "QDATA"."SYSTEM_MENU"
(MENU_ID, MENU_NAME, PARENT_ID, ORDER_NUM, "PATH", COMPONENT, QUERY, IS_FRAME, IS_CACHE, ROUTE_NAME, MENU_TYPE, VISIBLE, STATUS, PERMS, ICON, CREATE_BY, CREATE_TIME, UPDATE_BY, UPDATE_TIME, REMARK)
VALUES(2718, '主题域管理新增', 2716, 2, '#', NULL, NULL, 1, 0, NULL, 'F', '0', '0', 'dm:themeDomain:add', '#', 'admin', '2026-03-24 14:53:02.000', NULL, NULL, NULL);
INSERT INTO "QDATA"."SYSTEM_MENU"
(MENU_ID, MENU_NAME, PARENT_ID, ORDER_NUM, "PATH", COMPONENT, QUERY, IS_FRAME, IS_CACHE, ROUTE_NAME, MENU_TYPE, VISIBLE, STATUS, PERMS, ICON, CREATE_BY, CREATE_TIME, UPDATE_BY, UPDATE_TIME, REMARK)
VALUES(2717, '主题域管理查询', 2716, 1, '#', NULL, NULL, 1, 0, NULL, 'F', '0', '0', 'dm:themeDomain:query', '#', 'admin', '2026-03-24 14:53:02.000', NULL, NULL, NULL);
INSERT INTO "QDATA"."SYSTEM_MENU"
(MENU_ID, MENU_NAME, PARENT_ID, ORDER_NUM, "PATH", COMPONENT, QUERY, IS_FRAME, IS_CACHE, ROUTE_NAME, MENU_TYPE, VISIBLE, STATUS, PERMS, ICON, CREATE_BY, CREATE_TIME, UPDATE_BY, UPDATE_TIME, REMARK)
VALUES(2716, '主题域管理', 2694, 4, 'themeDomain', 'dm/themeDomain/index', NULL, 1, 0, NULL, 'C', '0', '0', 'dm:themeDomain:list', 'ztygl', 'admin', '2026-03-24 14:52:41.000', 'admin', '2026-03-27 16:52:45.000', '主题域管理菜单');
INSERT INTO "QDATA"."SYSTEM_MENU"
(MENU_ID, MENU_NAME, PARENT_ID, ORDER_NUM, "PATH", COMPONENT, QUERY, IS_FRAME, IS_CACHE, ROUTE_NAME, MENU_TYPE, VISIBLE, STATUS, PERMS, ICON, CREATE_BY, CREATE_TIME, UPDATE_BY, UPDATE_TIME, REMARK)
VALUES(2709, '业务分层', 2694, 2, 'businessLayer', 'sys/developing/index', NULL, 1, 0, NULL, 'C', '0', '0', NULL, 'ywfz', 'admin', '2026-03-24 14:52:05.000', 'admin', '2026-03-27 16:52:25.000', '数仓分层-规范管理菜单');
INSERT INTO "QDATA"."SYSTEM_MENU"
(MENU_ID, MENU_NAME, PARENT_ID, ORDER_NUM, "PATH", COMPONENT, QUERY, IS_FRAME, IS_CACHE, ROUTE_NAME, MENU_TYPE, VISIBLE, STATUS, PERMS, ICON, CREATE_BY, CREATE_TIME, UPDATE_BY, UPDATE_TIME, REMARK)
VALUES(2708, '数仓分层管理导入', 2702, 6, '#', NULL, NULL, 1, 0, NULL, 'F', '0', '0', 'dm:dataLayer:import', '#', 'admin', '2026-03-24 14:51:48.000', NULL, NULL, NULL);
INSERT INTO "QDATA"."SYSTEM_MENU"
(MENU_ID, MENU_NAME, PARENT_ID, ORDER_NUM, "PATH", COMPONENT, QUERY, IS_FRAME, IS_CACHE, ROUTE_NAME, MENU_TYPE, VISIBLE, STATUS, PERMS, ICON, CREATE_BY, CREATE_TIME, UPDATE_BY, UPDATE_TIME, REMARK)
VALUES(2707, '数仓分层管理导出', 2702, 5, '#', NULL, NULL, 1, 0, NULL, 'F', '0', '0', 'dm:dataLayer:export', '#', 'admin', '2026-03-24 14:51:48.000', NULL, NULL, NULL);
INSERT INTO "QDATA"."SYSTEM_MENU"
(MENU_ID, MENU_NAME, PARENT_ID, ORDER_NUM, "PATH", COMPONENT, QUERY, IS_FRAME, IS_CACHE, ROUTE_NAME, MENU_TYPE, VISIBLE, STATUS, PERMS, ICON, CREATE_BY, CREATE_TIME, UPDATE_BY, UPDATE_TIME, REMARK)
VALUES(2706, '数仓分层管理删除', 2702, 4, '#', NULL, NULL, 1, 0, NULL, 'F', '0', '0', 'dm:dataLayer:remove', '#', 'admin', '2026-03-24 14:51:48.000', NULL, NULL, NULL);
INSERT INTO "QDATA"."SYSTEM_MENU"
(MENU_ID, MENU_NAME, PARENT_ID, ORDER_NUM, "PATH", COMPONENT, QUERY, IS_FRAME, IS_CACHE, ROUTE_NAME, MENU_TYPE, VISIBLE, STATUS, PERMS, ICON, CREATE_BY, CREATE_TIME, UPDATE_BY, UPDATE_TIME, REMARK)
VALUES(2705, '数仓分层管理修改', 2702, 3, '#', NULL, NULL, 1, 0, NULL, 'F', '0', '0', 'dm:dataLayer:edit', '#', 'admin', '2026-03-24 14:51:48.000', NULL, NULL, NULL);
INSERT INTO "QDATA"."SYSTEM_MENU"
(MENU_ID, MENU_NAME, PARENT_ID, ORDER_NUM, "PATH", COMPONENT, QUERY, IS_FRAME, IS_CACHE, ROUTE_NAME, MENU_TYPE, VISIBLE, STATUS, PERMS, ICON, CREATE_BY, CREATE_TIME, UPDATE_BY, UPDATE_TIME, REMARK)
VALUES(2704, '数仓分层管理新增', 2702, 2, '#', NULL, NULL, 1, 0, NULL, 'F', '0', '0', 'dm:dataLayer:add', '#', 'admin', '2026-03-24 14:51:48.000', NULL, NULL, NULL);
INSERT INTO "QDATA"."SYSTEM_MENU"
(MENU_ID, MENU_NAME, PARENT_ID, ORDER_NUM, "PATH", COMPONENT, QUERY, IS_FRAME, IS_CACHE, ROUTE_NAME, MENU_TYPE, VISIBLE, STATUS, PERMS, ICON, CREATE_BY, CREATE_TIME, UPDATE_BY, UPDATE_TIME, REMARK)
VALUES(2703, '数仓分层管理查询', 2702, 1, '#', NULL, NULL, 1, 0, NULL, 'F', '0', '0', 'dm:dataLayer:query', '#', 'admin', '2026-03-24 14:51:48.000', NULL, NULL, NULL);
INSERT INTO "QDATA"."SYSTEM_MENU"
(MENU_ID, MENU_NAME, PARENT_ID, ORDER_NUM, "PATH", COMPONENT, QUERY, IS_FRAME, IS_CACHE, ROUTE_NAME, MENU_TYPE, VISIBLE, STATUS, PERMS, ICON, CREATE_BY, CREATE_TIME, UPDATE_BY, UPDATE_TIME, REMARK)
VALUES(2702, '数仓分层', 2694, 1, 'dataLayer', 'dm/dataLayer/index', NULL, 1, 0, NULL, 'C', '0', '0', 'dm:dataLayer:list', 'scfc', 'admin', '2026-03-24 14:50:48.000', 'admin', '2026-03-27 16:52:31.000', '数仓分层管理菜单');
INSERT INTO "QDATA"."SYSTEM_MENU"
(MENU_ID, MENU_NAME, PARENT_ID, ORDER_NUM, "PATH", COMPONENT, QUERY, IS_FRAME, IS_CACHE, ROUTE_NAME, MENU_TYPE, VISIBLE, STATUS, PERMS, ICON, CREATE_BY, CREATE_TIME, UPDATE_BY, UPDATE_TIME, REMARK)
VALUES(2701, '数据域管理导入', 2695, 6, '#', NULL, NULL, 1, 0, NULL, 'F', '0', '0', 'dm:dataDomain:import', '#', 'admin', '2026-03-24 14:50:23.000', NULL, NULL, NULL);
INSERT INTO "QDATA"."SYSTEM_MENU"
(MENU_ID, MENU_NAME, PARENT_ID, ORDER_NUM, "PATH", COMPONENT, QUERY, IS_FRAME, IS_CACHE, ROUTE_NAME, MENU_TYPE, VISIBLE, STATUS, PERMS, ICON, CREATE_BY, CREATE_TIME, UPDATE_BY, UPDATE_TIME, REMARK)
VALUES(2700, '数据域管理导出', 2695, 5, '#', NULL, NULL, 1, 0, NULL, 'F', '0', '0', 'dm:dataDomain:export', '#', 'admin', '2026-03-24 14:50:23.000', NULL, NULL, NULL);
INSERT INTO "QDATA"."SYSTEM_MENU"
(MENU_ID, MENU_NAME, PARENT_ID, ORDER_NUM, "PATH", COMPONENT, QUERY, IS_FRAME, IS_CACHE, ROUTE_NAME, MENU_TYPE, VISIBLE, STATUS, PERMS, ICON, CREATE_BY, CREATE_TIME, UPDATE_BY, UPDATE_TIME, REMARK)
VALUES(2699, '数据域管理删除', 2695, 4, '#', NULL, NULL, 1, 0, NULL, 'F', '0', '0', 'dm:dataDomain:remove', '#', 'admin', '2026-03-24 14:50:23.000', NULL, NULL, NULL);
INSERT INTO "QDATA"."SYSTEM_MENU"
(MENU_ID, MENU_NAME, PARENT_ID, ORDER_NUM, "PATH", COMPONENT, QUERY, IS_FRAME, IS_CACHE, ROUTE_NAME, MENU_TYPE, VISIBLE, STATUS, PERMS, ICON, CREATE_BY, CREATE_TIME, UPDATE_BY, UPDATE_TIME, REMARK)
VALUES(2698, '数据域管理修改', 2695, 3, '#', NULL, NULL, 1, 0, NULL, 'F', '0', '0', 'dm:dataDomain:edit', '#', 'admin', '2026-03-24 14:50:23.000', NULL, NULL, NULL);
INSERT INTO "QDATA"."SYSTEM_MENU"
(MENU_ID, MENU_NAME, PARENT_ID, ORDER_NUM, "PATH", COMPONENT, QUERY, IS_FRAME, IS_CACHE, ROUTE_NAME, MENU_TYPE, VISIBLE, STATUS, PERMS, ICON, CREATE_BY, CREATE_TIME, UPDATE_BY, UPDATE_TIME, REMARK)
VALUES(2697, '数据域管理新增', 2695, 2, '#', NULL, NULL, 1, 0, NULL, 'F', '0', '0', 'dm:dataDomain:add', '#', 'admin', '2026-03-24 14:50:22.000', NULL, NULL, NULL);
INSERT INTO "QDATA"."SYSTEM_MENU"
(MENU_ID, MENU_NAME, PARENT_ID, ORDER_NUM, "PATH", COMPONENT, QUERY, IS_FRAME, IS_CACHE, ROUTE_NAME, MENU_TYPE, VISIBLE, STATUS, PERMS, ICON, CREATE_BY, CREATE_TIME, UPDATE_BY, UPDATE_TIME, REMARK)
VALUES(2696, '数据域管理查询', 2695, 1, '#', NULL, NULL, 1, 0, NULL, 'F', '0', '0', 'dm:dataDomain:query', '#', 'admin', '2026-03-24 14:50:22.000', NULL, NULL, NULL);
INSERT INTO "QDATA"."SYSTEM_MENU"
(MENU_ID, MENU_NAME, PARENT_ID, ORDER_NUM, "PATH", COMPONENT, QUERY, IS_FRAME, IS_CACHE, ROUTE_NAME, MENU_TYPE, VISIBLE, STATUS, PERMS, ICON, CREATE_BY, CREATE_TIME, UPDATE_BY, UPDATE_TIME, REMARK)
VALUES(2695, '数据域管理', 2694, 3, 'dataDomain', 'dm/dataDomain/index', NULL, 1, 0, NULL, 'C', '0', '0', 'dm:dataDomain:list', 'sjygl', 'admin', '2026-03-24 14:49:17.000', 'admin', '2026-03-27 16:52:40.000', '数据域管理菜单');
INSERT INTO "QDATA"."SYSTEM_MENU"
(MENU_ID, MENU_NAME, PARENT_ID, ORDER_NUM, "PATH", COMPONENT, QUERY, IS_FRAME, IS_CACHE, ROUTE_NAME, MENU_TYPE, VISIBLE, STATUS, PERMS, ICON, CREATE_BY, CREATE_TIME, UPDATE_BY, UPDATE_TIME, REMARK)
VALUES(2694, '数据建模', 0, 2, 'dm', NULL, NULL, 1, 0, NULL, 'M', '0', '0', NULL, 'sjjm', 'admin', '2026-03-24 14:48:16.000', 'admin', '2026-03-27 16:06:56.000', NULL);
SET IDENTITY_INSERT "QDATA"."SYSTEM_MENU" OFF;

-- 授权菜单
INSERT INTO "QDATA"."SYSTEM_ROLE_MENU"
(ROLE_ID, MENU_ID, PROJECT_ID)
VALUES(7, 2731, 0);
INSERT INTO "QDATA"."SYSTEM_ROLE_MENU"
(ROLE_ID, MENU_ID, PROJECT_ID)
VALUES(3, 2731, 0);
INSERT INTO "QDATA"."SYSTEM_ROLE_MENU"
(ROLE_ID, MENU_ID, PROJECT_ID)
VALUES(2, 2731, 0);
INSERT INTO "QDATA"."SYSTEM_ROLE_MENU"
(ROLE_ID, MENU_ID, PROJECT_ID)
VALUES(2, 2730, 0);
INSERT INTO "QDATA"."SYSTEM_ROLE_MENU"
(ROLE_ID, MENU_ID, PROJECT_ID)
VALUES(3, 2730, 0);
INSERT INTO "QDATA"."SYSTEM_ROLE_MENU"
(ROLE_ID, MENU_ID, PROJECT_ID)
VALUES(7, 2730, 0);
INSERT INTO "QDATA"."SYSTEM_ROLE_MENU"
(ROLE_ID, MENU_ID, PROJECT_ID)
VALUES(3, 2729, 0);
INSERT INTO "QDATA"."SYSTEM_ROLE_MENU"
(ROLE_ID, MENU_ID, PROJECT_ID)
VALUES(7, 2729, 0);
INSERT INTO "QDATA"."SYSTEM_ROLE_MENU"
(ROLE_ID, MENU_ID, PROJECT_ID)
VALUES(2, 2729, 0);
INSERT INTO "QDATA"."SYSTEM_ROLE_MENU"
(ROLE_ID, MENU_ID, PROJECT_ID)
VALUES(2, 2728, 0);
INSERT INTO "QDATA"."SYSTEM_ROLE_MENU"
(ROLE_ID, MENU_ID, PROJECT_ID)
VALUES(7, 2728, 0);
INSERT INTO "QDATA"."SYSTEM_ROLE_MENU"
(ROLE_ID, MENU_ID, PROJECT_ID)
VALUES(3, 2728, 0);
INSERT INTO "QDATA"."SYSTEM_ROLE_MENU"
(ROLE_ID, MENU_ID, PROJECT_ID)
VALUES(2, 2727, 0);
INSERT INTO "QDATA"."SYSTEM_ROLE_MENU"
(ROLE_ID, MENU_ID, PROJECT_ID)
VALUES(7, 2727, 0);
INSERT INTO "QDATA"."SYSTEM_ROLE_MENU"
(ROLE_ID, MENU_ID, PROJECT_ID)
VALUES(3, 2727, 0);
INSERT INTO "QDATA"."SYSTEM_ROLE_MENU"
(ROLE_ID, MENU_ID, PROJECT_ID)
VALUES(3, 2726, 0);
INSERT INTO "QDATA"."SYSTEM_ROLE_MENU"
(ROLE_ID, MENU_ID, PROJECT_ID)
VALUES(2, 2726, 0);
INSERT INTO "QDATA"."SYSTEM_ROLE_MENU"
(ROLE_ID, MENU_ID, PROJECT_ID)
VALUES(7, 2726, 0);
INSERT INTO "QDATA"."SYSTEM_ROLE_MENU"
(ROLE_ID, MENU_ID, PROJECT_ID)
VALUES(2, 2725, 0);
INSERT INTO "QDATA"."SYSTEM_ROLE_MENU"
(ROLE_ID, MENU_ID, PROJECT_ID)
VALUES(3, 2725, 0);
INSERT INTO "QDATA"."SYSTEM_ROLE_MENU"
(ROLE_ID, MENU_ID, PROJECT_ID)
VALUES(7, 2725, 0);
INSERT INTO "QDATA"."SYSTEM_ROLE_MENU"
(ROLE_ID, MENU_ID, PROJECT_ID)
VALUES(3, 2724, 0);
INSERT INTO "QDATA"."SYSTEM_ROLE_MENU"
(ROLE_ID, MENU_ID, PROJECT_ID)
VALUES(2, 2724, 0);
INSERT INTO "QDATA"."SYSTEM_ROLE_MENU"
(ROLE_ID, MENU_ID, PROJECT_ID)
VALUES(7, 2724, 0);
INSERT INTO "QDATA"."SYSTEM_ROLE_MENU"
(ROLE_ID, MENU_ID, PROJECT_ID)
VALUES(3, 2723, 0);
INSERT INTO "QDATA"."SYSTEM_ROLE_MENU"
(ROLE_ID, MENU_ID, PROJECT_ID)
VALUES(2, 2723, 0);
INSERT INTO "QDATA"."SYSTEM_ROLE_MENU"
(ROLE_ID, MENU_ID, PROJECT_ID)
VALUES(7, 2723, 0);
INSERT INTO "QDATA"."SYSTEM_ROLE_MENU"
(ROLE_ID, MENU_ID, PROJECT_ID)
VALUES(2, 2722, 0);
INSERT INTO "QDATA"."SYSTEM_ROLE_MENU"
(ROLE_ID, MENU_ID, PROJECT_ID)
VALUES(7, 2722, 0);
INSERT INTO "QDATA"."SYSTEM_ROLE_MENU"
(ROLE_ID, MENU_ID, PROJECT_ID)
VALUES(3, 2722, 0);
INSERT INTO "QDATA"."SYSTEM_ROLE_MENU"
(ROLE_ID, MENU_ID, PROJECT_ID)
VALUES(2, 2721, 0);
INSERT INTO "QDATA"."SYSTEM_ROLE_MENU"
(ROLE_ID, MENU_ID, PROJECT_ID)
VALUES(3, 2721, 0);
INSERT INTO "QDATA"."SYSTEM_ROLE_MENU"
(ROLE_ID, MENU_ID, PROJECT_ID)
VALUES(7, 2721, 0);
INSERT INTO "QDATA"."SYSTEM_ROLE_MENU"
(ROLE_ID, MENU_ID, PROJECT_ID)
VALUES(7, 2720, 0);
INSERT INTO "QDATA"."SYSTEM_ROLE_MENU"
(ROLE_ID, MENU_ID, PROJECT_ID)
VALUES(3, 2720, 0);
INSERT INTO "QDATA"."SYSTEM_ROLE_MENU"
(ROLE_ID, MENU_ID, PROJECT_ID)
VALUES(2, 2720, 0);
INSERT INTO "QDATA"."SYSTEM_ROLE_MENU"
(ROLE_ID, MENU_ID, PROJECT_ID)
VALUES(2, 2719, 0);
INSERT INTO "QDATA"."SYSTEM_ROLE_MENU"
(ROLE_ID, MENU_ID, PROJECT_ID)
VALUES(7, 2719, 0);
INSERT INTO "QDATA"."SYSTEM_ROLE_MENU"
(ROLE_ID, MENU_ID, PROJECT_ID)
VALUES(3, 2719, 0);
INSERT INTO "QDATA"."SYSTEM_ROLE_MENU"
(ROLE_ID, MENU_ID, PROJECT_ID)
VALUES(3, 2718, 0);
INSERT INTO "QDATA"."SYSTEM_ROLE_MENU"
(ROLE_ID, MENU_ID, PROJECT_ID)
VALUES(2, 2718, 0);
INSERT INTO "QDATA"."SYSTEM_ROLE_MENU"
(ROLE_ID, MENU_ID, PROJECT_ID)
VALUES(7, 2718, 0);
INSERT INTO "QDATA"."SYSTEM_ROLE_MENU"
(ROLE_ID, MENU_ID, PROJECT_ID)
VALUES(3, 2717, 0);
INSERT INTO "QDATA"."SYSTEM_ROLE_MENU"
(ROLE_ID, MENU_ID, PROJECT_ID)
VALUES(7, 2717, 0);
INSERT INTO "QDATA"."SYSTEM_ROLE_MENU"
(ROLE_ID, MENU_ID, PROJECT_ID)
VALUES(2, 2717, 0);
INSERT INTO "QDATA"."SYSTEM_ROLE_MENU"
(ROLE_ID, MENU_ID, PROJECT_ID)
VALUES(3, 2716, 0);
INSERT INTO "QDATA"."SYSTEM_ROLE_MENU"
(ROLE_ID, MENU_ID, PROJECT_ID)
VALUES(2, 2716, 0);
INSERT INTO "QDATA"."SYSTEM_ROLE_MENU"
(ROLE_ID, MENU_ID, PROJECT_ID)
VALUES(7, 2716, 0);
INSERT INTO "QDATA"."SYSTEM_ROLE_MENU"
(ROLE_ID, MENU_ID, PROJECT_ID)
VALUES(3, 2709, 0);
INSERT INTO "QDATA"."SYSTEM_ROLE_MENU"
(ROLE_ID, MENU_ID, PROJECT_ID)
VALUES(7, 2709, 0);
INSERT INTO "QDATA"."SYSTEM_ROLE_MENU"
(ROLE_ID, MENU_ID, PROJECT_ID)
VALUES(2, 2709, 0);
INSERT INTO "QDATA"."SYSTEM_ROLE_MENU"
(ROLE_ID, MENU_ID, PROJECT_ID)
VALUES(7, 2708, 0);
INSERT INTO "QDATA"."SYSTEM_ROLE_MENU"
(ROLE_ID, MENU_ID, PROJECT_ID)
VALUES(2, 2708, 0);
INSERT INTO "QDATA"."SYSTEM_ROLE_MENU"
(ROLE_ID, MENU_ID, PROJECT_ID)
VALUES(3, 2708, 0);
INSERT INTO "QDATA"."SYSTEM_ROLE_MENU"
(ROLE_ID, MENU_ID, PROJECT_ID)
VALUES(7, 2707, 0);
INSERT INTO "QDATA"."SYSTEM_ROLE_MENU"
(ROLE_ID, MENU_ID, PROJECT_ID)
VALUES(3, 2707, 0);
INSERT INTO "QDATA"."SYSTEM_ROLE_MENU"
(ROLE_ID, MENU_ID, PROJECT_ID)
VALUES(2, 2707, 0);
INSERT INTO "QDATA"."SYSTEM_ROLE_MENU"
(ROLE_ID, MENU_ID, PROJECT_ID)
VALUES(3, 2706, 0);
INSERT INTO "QDATA"."SYSTEM_ROLE_MENU"
(ROLE_ID, MENU_ID, PROJECT_ID)
VALUES(7, 2706, 0);
INSERT INTO "QDATA"."SYSTEM_ROLE_MENU"
(ROLE_ID, MENU_ID, PROJECT_ID)
VALUES(2, 2706, 0);
INSERT INTO "QDATA"."SYSTEM_ROLE_MENU"
(ROLE_ID, MENU_ID, PROJECT_ID)
VALUES(7, 2705, 0);
INSERT INTO "QDATA"."SYSTEM_ROLE_MENU"
(ROLE_ID, MENU_ID, PROJECT_ID)
VALUES(2, 2705, 0);
INSERT INTO "QDATA"."SYSTEM_ROLE_MENU"
(ROLE_ID, MENU_ID, PROJECT_ID)
VALUES(3, 2705, 0);
INSERT INTO "QDATA"."SYSTEM_ROLE_MENU"
(ROLE_ID, MENU_ID, PROJECT_ID)
VALUES(7, 2704, 0);
INSERT INTO "QDATA"."SYSTEM_ROLE_MENU"
(ROLE_ID, MENU_ID, PROJECT_ID)
VALUES(2, 2704, 0);
INSERT INTO "QDATA"."SYSTEM_ROLE_MENU"
(ROLE_ID, MENU_ID, PROJECT_ID)
VALUES(3, 2704, 0);
INSERT INTO "QDATA"."SYSTEM_ROLE_MENU"
(ROLE_ID, MENU_ID, PROJECT_ID)
VALUES(7, 2703, 0);
INSERT INTO "QDATA"."SYSTEM_ROLE_MENU"
(ROLE_ID, MENU_ID, PROJECT_ID)
VALUES(3, 2703, 0);
INSERT INTO "QDATA"."SYSTEM_ROLE_MENU"
(ROLE_ID, MENU_ID, PROJECT_ID)
VALUES(2, 2703, 0);
INSERT INTO "QDATA"."SYSTEM_ROLE_MENU"
(ROLE_ID, MENU_ID, PROJECT_ID)
VALUES(2, 2702, 0);
INSERT INTO "QDATA"."SYSTEM_ROLE_MENU"
(ROLE_ID, MENU_ID, PROJECT_ID)
VALUES(3, 2702, 0);
INSERT INTO "QDATA"."SYSTEM_ROLE_MENU"
(ROLE_ID, MENU_ID, PROJECT_ID)
VALUES(7, 2702, 0);
INSERT INTO "QDATA"."SYSTEM_ROLE_MENU"
(ROLE_ID, MENU_ID, PROJECT_ID)
VALUES(3, 2701, 0);
INSERT INTO "QDATA"."SYSTEM_ROLE_MENU"
(ROLE_ID, MENU_ID, PROJECT_ID)
VALUES(2, 2701, 0);
INSERT INTO "QDATA"."SYSTEM_ROLE_MENU"
(ROLE_ID, MENU_ID, PROJECT_ID)
VALUES(7, 2701, 0);
INSERT INTO "QDATA"."SYSTEM_ROLE_MENU"
(ROLE_ID, MENU_ID, PROJECT_ID)
VALUES(7, 2700, 0);
INSERT INTO "QDATA"."SYSTEM_ROLE_MENU"
(ROLE_ID, MENU_ID, PROJECT_ID)
VALUES(2, 2700, 0);
INSERT INTO "QDATA"."SYSTEM_ROLE_MENU"
(ROLE_ID, MENU_ID, PROJECT_ID)
VALUES(3, 2700, 0);
INSERT INTO "QDATA"."SYSTEM_ROLE_MENU"
(ROLE_ID, MENU_ID, PROJECT_ID)
VALUES(3, 2699, 0);
INSERT INTO "QDATA"."SYSTEM_ROLE_MENU"
(ROLE_ID, MENU_ID, PROJECT_ID)
VALUES(2, 2699, 0);
INSERT INTO "QDATA"."SYSTEM_ROLE_MENU"
(ROLE_ID, MENU_ID, PROJECT_ID)
VALUES(7, 2699, 0);
INSERT INTO "QDATA"."SYSTEM_ROLE_MENU"
(ROLE_ID, MENU_ID, PROJECT_ID)
VALUES(3, 2698, 0);
INSERT INTO "QDATA"."SYSTEM_ROLE_MENU"
(ROLE_ID, MENU_ID, PROJECT_ID)
VALUES(2, 2698, 0);
INSERT INTO "QDATA"."SYSTEM_ROLE_MENU"
(ROLE_ID, MENU_ID, PROJECT_ID)
VALUES(7, 2698, 0);
INSERT INTO "QDATA"."SYSTEM_ROLE_MENU"
(ROLE_ID, MENU_ID, PROJECT_ID)
VALUES(3, 2697, 0);
INSERT INTO "QDATA"."SYSTEM_ROLE_MENU"
(ROLE_ID, MENU_ID, PROJECT_ID)
VALUES(7, 2697, 0);
INSERT INTO "QDATA"."SYSTEM_ROLE_MENU"
(ROLE_ID, MENU_ID, PROJECT_ID)
VALUES(2, 2697, 0);
INSERT INTO "QDATA"."SYSTEM_ROLE_MENU"
(ROLE_ID, MENU_ID, PROJECT_ID)
VALUES(3, 2696, 0);
INSERT INTO "QDATA"."SYSTEM_ROLE_MENU"
(ROLE_ID, MENU_ID, PROJECT_ID)
VALUES(2, 2696, 0);
INSERT INTO "QDATA"."SYSTEM_ROLE_MENU"
(ROLE_ID, MENU_ID, PROJECT_ID)
VALUES(7, 2696, 0);
INSERT INTO "QDATA"."SYSTEM_ROLE_MENU"
(ROLE_ID, MENU_ID, PROJECT_ID)
VALUES(2, 2695, 0);
INSERT INTO "QDATA"."SYSTEM_ROLE_MENU"
(ROLE_ID, MENU_ID, PROJECT_ID)
VALUES(7, 2695, 0);
INSERT INTO "QDATA"."SYSTEM_ROLE_MENU"
(ROLE_ID, MENU_ID, PROJECT_ID)
VALUES(3, 2695, 0);
INSERT INTO "QDATA"."SYSTEM_ROLE_MENU"
(ROLE_ID, MENU_ID, PROJECT_ID)
VALUES(7, 2694, 0);
INSERT INTO "QDATA"."SYSTEM_ROLE_MENU"
(ROLE_ID, MENU_ID, PROJECT_ID)
VALUES(2, 2694, 0);
INSERT INTO "QDATA"."SYSTEM_ROLE_MENU"
(ROLE_ID, MENU_ID, PROJECT_ID)
VALUES(3, 2694, 0);
